sequence id,f-E,f-D,f-R,f-K,f-Q,f-A,f-G,f-P,length,label
P23193:80-132,0.1320754716981132,0.07547169811320754,0.07547169811320754,0.09433962264150944,0.018867924528301886,0.05660377358490566,0.018867924528301886,0.07547169811320754,53,0
P84101:1-59,0.0847457627118644,0.06779661016949153,0.11864406779661017,0.2033898305084746,0.11864406779661017,0.0847457627118644,0.05084745762711865,0.01694915254237288,59,0
Q9UBP0:278-312,0.0,0.0,0.05714285714285714,0.2,0.02857142857142857,0.05714285714285714,0.08571428571428572,0.14285714285714285,35,0
Q9UBP0:1-43,0.023255813953488372,0.0,0.046511627906976744,0.06976744186046512,0.0,0.13953488372093023,0.16279069767441862,0.3488372093023256,43,0
Q9UBP0:224-266,0.023255813953488372,0.023255813953488372,0.06976744186046512,0.09302325581395349,0.023255813953488372,0.06976744186046512,0.09302325581395349,0.06976744186046512,43,0
Q9UBC2:350-381,0.0625,0.0625,0.03125,0.0,0.03125,0.0,0.15625,0.21875,32,0
Q9UBC2:221-261,0.0,0.024390243902439025,0.024390243902439025,0.07317073170731707,0.0,0.04878048780487805,0.07317073170731707,0.17073170731707318,41,0
Q9UBC2:614-859,0.028455284552845527,0.11382113821138211,0.008130081300813009,0.08943089430894309,0.04065040650406504,0.06504065040650407,0.08943089430894309,0.17073170731707318,246,0
P33176:908-963,0.0,0.0,0.08928571428571429,0.05357142857142857,0.08928571428571429,0.14285714285714285,0.16071428571428573,0.10714285714285714,56,0
Q13952:305-379,0.05333333333333334,0.013333333333333334,0.05333333333333334,0.013333333333333334,0.13333333333333333,0.06666666666666667,0.05333333333333334,0.12,75,0
Q15025:252-283,0.0625,0.0,0.03125,0.125,0.09375,0.125,0.21875,0.0625,32,0
Q15025:603-636,0.08823529411764706,0.058823529411764705,0.08823529411764706,0.029411764705882353,0.08823529411764706,0.029411764705882353,0.08823529411764706,0.20588235294117646,34,0
Q15025:62-151,0.1,0.044444444444444446,0.0,0.05555555555555555,0.022222222222222223,0.1,0.044444444444444446,0.17777777777777778,90,0
Q6UVJ0:615-657,0.0,0.046511627906976744,0.023255813953488372,0.023255813953488372,0.06976744186046512,0.09302325581395349,0.06976744186046512,0.09302325581395349,43,0
P49247:22-67,0.0,0.043478260869565216,0.06521739130434782,0.0,0.021739130434782608,0.10869565217391304,0.2826086956521739,0.043478260869565216,46,0
Q9NP79:179-233,0.03636363636363636,0.03636363636363636,0.0,0.0,0.05454545454545454,0.12727272727272726,0.09090909090909091,0.18181818181818182,55,0
Q7Z422:30-152,0.07317073170731707,0.04065040650406504,0.10569105691056911,0.07317073170731707,0.08130081300813008,0.04878048780487805,0.04878048780487805,0.14634146341463414,123,0
Q9BRP8:1-32,0.0625,0.03125,0.125,0.0625,0.0625,0.15625,0.09375,0.0625,32,0
Q9BRP8:55-151,0.1134020618556701,0.030927835051546393,0.07216494845360824,0.09278350515463918,0.061855670103092786,0.14432989690721648,0.061855670103092786,0.12371134020618557,97,0
Q9P016:1-47,0.06382978723404255,0.0425531914893617,0.0851063829787234,0.14893617021276595,0.02127659574468085,0.0851063829787234,0.10638297872340426,0.0425531914893617,47,0
Q7Z7A4:437-548,0.0625,0.0,0.0625,0.0625,0.03571428571428571,0.11607142857142858,0.044642857142857144,0.16964285714285715,112,0
Q8NF91:8246-8279,0.029411764705882353,0.08823529411764706,0.08823529411764706,0.0,0.058823529411764705,0.058823529411764705,0.029411764705882353,0.11764705882352941,34,0
Q8NF91:8671-8733,0.031746031746031744,0.047619047619047616,0.06349206349206349,0.047619047619047616,0.031746031746031744,0.015873015873015872,0.1111111111111111,0.12698412698412698,63,0
Q9BTL3:30-112,0.04819277108433735,0.03614457831325301,0.1566265060240964,0.012048192771084338,0.10843373493975904,0.012048192771084338,0.10843373493975904,0.0963855421686747,83,0
Q9UQ80:358-394,0.13513513513513514,0.02702702702702703,0.02702702702702703,0.21621621621621623,0.05405405405405406,0.13513513513513514,0.05405405405405406,0.0,37,0
O60749:1-104,0.15384615384615385,0.10576923076923077,0.028846153846153848,0.019230769230769232,0.0,0.07692307692307693,0.038461538461538464,0.14423076923076922,104,0
P82970:1-282,0.25886524822695034,0.10283687943262411,0.031914893617021274,0.18085106382978725,0.024822695035460994,0.0673758865248227,0.10283687943262411,0.024822695035460994,282,0
P51617:613-660,0.08333333333333333,0.020833333333333332,0.041666666666666664,0.0,0.041666666666666664,0.125,0.16666666666666666,0.125,48,0
P51617:532-591,0.08333333333333333,0.016666666666666666,0.03333333333333333,0.0,0.1,0.18333333333333332,0.06666666666666667,0.13333333333333333,60,0
P51617:105-187,0.04819277108433735,0.0,0.024096385542168676,0.024096385542168676,0.012048192771084338,0.12048192771084337,0.060240963855421686,0.27710843373493976,83,0
P17931:1-60,0.0,0.03333333333333333,0.0,0.0,0.06666666666666667,0.16666666666666666,0.21666666666666667,0.2,60,0
Q7Z7F0:567-614,0.08333333333333333,0.041666666666666664,0.020833333333333332,0.041666666666666664,0.10416666666666667,0.10416666666666667,0.08333333333333333,0.10416666666666667,48,0
Q7Z7F0:1-51,0.0196078431372549,0.0196078431372549,0.0392156862745098,0.0196078431372549,0.0196078431372549,0.17647058823529413,0.19607843137254902,0.1568627450980392,51,0
Q7Z7F0:413-554,0.07042253521126761,0.028169014084507043,0.04929577464788732,0.04929577464788732,0.09154929577464789,0.07042253521126761,0.11267605633802817,0.1619718309859155,142,0
Q15056:121-248,0.0703125,0.0859375,0.15625,0.03125,0.046875,0.0390625,0.1640625,0.09375,128,0
Q14814:174-207,0.0,0.029411764705882353,0.08823529411764706,0.0,0.11764705882352941,0.11764705882352941,0.08823529411764706,0.17647058823529413,34,0
Q14814:357-407,0.0,0.0,0.0,0.0,0.49019607843137253,0.0196078431372549,0.0196078431372549,0.29411764705882354,51,0
Q14814:437-517,0.08641975308641975,0.07407407407407407,0.09876543209876543,0.024691358024691357,0.0,0.09876543209876543,0.12345679012345678,0.18518518518518517,81,0
P10515:184-217,0.0,0.0,0.0,0.0,0.058823529411764705,0.29411764705882354,0.029411764705882353,0.3235294117647059,34,0
P10515:312-346,0.0,0.02857142857142857,0.0,0.02857142857142857,0.05714285714285714,0.14285714285714285,0.0,0.42857142857142855,35,0
Q96TA1:590-733,0.09722222222222222,0.027777777777777776,0.034722222222222224,0.034722222222222224,0.04861111111111111,0.09722222222222222,0.10416666666666667,0.1875,144,0
P26583:162-209,0.3958333333333333,0.10416666666666667,0.041666666666666664,0.14583333333333334,0.0,0.041666666666666664,0.10416666666666667,0.0625,48,0
P26583:52-150,0.08080808080808081,0.0707070707070707,0.04040404040404041,0.21212121212121213,0.030303030303030304,0.09090909090909091,0.050505050505050504,0.09090909090909091,99,0
Q92783:500-540,0.0,0.0,0.0,0.024390243902439025,0.1951219512195122,0.04878048780487805,0.07317073170731707,0.21951219512195122,41,0
Q8TDR2:32-176,0.034482758620689655,0.027586206896551724,0.15862068965517243,0.034482758620689655,0.041379310344827586,0.23448275862068965,0.1103448275862069,0.13793103448275862,145,0
Q9Y2I9:770-806,0.13513513513513514,0.0,0.08108108108108109,0.0,0.02702702702702703,0.10810810810810811,0.16216216216216217,0.10810810810810811,37,0
Q9Y2I9:94-134,0.14634146341463414,0.07317073170731707,0.17073170731707318,0.0,0.0,0.12195121951219512,0.21951219512195122,0.0,41,0
Q9Y2I9:1-76,0.14473684210526316,0.06578947368421052,0.14473684210526316,0.0,0.013157894736842105,0.09210526315789473,0.17105263157894737,0.10526315789473684,76,0
Q9Y2S6:1-64,0.125,0.03125,0.015625,0.3125,0.078125,0.09375,0.125,0.046875,64,0
O00401:266-406,0.014184397163120567,0.014184397163120567,0.05673758865248227,0.014184397163120567,0.014184397163120567,0.0851063829787234,0.0851063829787234,0.48936170212765956,141,0
Q96H79:252-292,0.07317073170731707,0.024390243902439025,0.0,0.07317073170731707,0.07317073170731707,0.1951219512195122,0.0975609756097561,0.07317073170731707,41,0
Q02833:301-356,0.08928571428571429,0.03571428571428571,0.08928571428571429,0.0,0.03571428571428571,0.14285714285714285,0.125,0.25,56,0
Q96G25:193-268,0.0,0.0,0.02631578947368421,0.039473684210526314,0.15789473684210525,0.10526315789473684,0.17105263157894737,0.10526315789473684,76,0
Q96IZ0:1-250,0.088,0.048,0.076,0.06,0.032,0.128,0.116,0.112,250,0
P50579:1-118,0.1271186440677966,0.1271186440677966,0.059322033898305086,0.1694915254237288,0.025423728813559324,0.11864406779661017,0.11016949152542373,0.05084745762711865,118,0
Q15004:23-111,0.0898876404494382,0.033707865168539325,0.056179775280898875,0.12359550561797752,0.033707865168539325,0.06741573033707865,0.0898876404494382,0.07865168539325842,89,0
P12270:1619-1674,0.125,0.03571428571428571,0.07142857142857142,0.05357142857142857,0.10714285714285714,0.05357142857142857,0.03571428571428571,0.14285714285714285,56,0
P12270:2227-2363,0.0948905109489051,0.06569343065693431,0.072992700729927,0.0072992700729927005,0.072992700729927,0.051094890510948905,0.0948905109489051,0.051094890510948905,137,0
P12270:1803-2134,0.1355421686746988,0.12650602409638553,0.045180722891566265,0.015060240963855422,0.07530120481927711,0.045180722891566265,0.10542168674698796,0.07228915662650602,332,0
O60784:171-212,0.047619047619047616,0.09523809523809523,0.0,0.0,0.11904761904761904,0.09523809523809523,0.09523809523809523,0.14285714285714285,42,0
O60784:428-492,0.12307692307692308,0.09230769230769231,0.046153846153846156,0.09230769230769231,0.015384615384615385,0.1076923076923077,0.07692307692307693,0.13846153846153847,65,0
P50552:111-343,0.08583690987124463,0.012875536480686695,0.05150214592274678,0.04291845493562232,0.04291845493562232,0.12017167381974249,0.14163090128755365,0.2145922746781116,233,0
Q96BD5:82-118,0.0,0.0,0.0,0.02702702702702703,0.35135135135135137,0.16216216216216217,0.0,0.05405405405405406,37,0
Q96BD5:639-680,0.047619047619047616,0.023809523809523808,0.0,0.023809523809523808,0.047619047619047616,0.14285714285714285,0.07142857142857142,0.14285714285714285,42,0
Q96BD5:318-363,0.13043478260869565,0.021739130434782608,0.043478260869565216,0.13043478260869565,0.08695652173913043,0.043478260869565216,0.0,0.15217391304347827,46,0
P25786:232-263,0.21875,0.0625,0.0625,0.0625,0.09375,0.15625,0.03125,0.15625,32,0
Q96B97:159-200,0.11904761904761904,0.09523809523809523,0.023809523809523808,0.047619047619047616,0.047619047619047616,0.023809523809523808,0.14285714285714285,0.0,42,0
Q96B97:328-444,0.10256410256410256,0.03418803418803419,0.10256410256410256,0.11965811965811966,0.017094017094017096,0.042735042735042736,0.05982905982905983,0.23076923076923078,117,0
Q96B97:467-608,0.04929577464788732,0.04225352112676056,0.035211267605633804,0.07042253521126761,0.02112676056338028,0.1056338028169014,0.07746478873239436,0.11971830985915492,142,0
Q9P2E9:1330-1362,0.24242424242424243,0.030303030303030304,0.06060606060606061,0.15151515151515152,0.030303030303030304,0.06060606060606061,0.030303030303030304,0.030303030303030304,33,0
Q9P2E9:1377-1410,0.17647058823529413,0.058823529411764705,0.029411764705882353,0.14705882352941177,0.11764705882352941,0.058823529411764705,0.058823529411764705,0.0,34,0
Q9P2E9:45-90,0.13043478260869565,0.043478260869565216,0.021739130434782608,0.34782608695652173,0.043478260869565216,0.043478260869565216,0.043478260869565216,0.08695652173913043,46,0
Q9P2E9:173-646,0.09071729957805907,0.012658227848101266,0.008438818565400843,0.18354430379746836,0.14556962025316456,0.14978902953586498,0.18143459915611815,0.04852320675105485,474,0
Q8IYB5:408-467,0.0,0.0,0.0,0.03333333333333333,0.16666666666666666,0.08333333333333333,0.11666666666666667,0.06666666666666667,60,0
Q8IYB5:145-224,0.1375,0.05,0.0125,0.2375,0.0625,0.075,0.025,0.125,80,0
O15355:512-546,0.2,0.05714285714285714,0.05714285714285714,0.2,0.02857142857142857,0.05714285714285714,0.08571428571428572,0.02857142857142857,35,0
O15355:161-328,0.25595238095238093,0.07738095238095238,0.017857142857142856,0.041666666666666664,0.023809523809523808,0.05952380952380952,0.13690476190476192,0.07142857142857142,168,0
P82909:20-69,0.02,0.06,0.08,0.06,0.04,0.04,0.06,0.12,50,0
A1X283:277-366,0.044444444444444446,0.06666666666666667,0.12222222222222222,0.06666666666666667,0.05555555555555555,0.03333333333333333,0.1111111111111111,0.2,90,0
A1X283:458-834,0.07161803713527852,0.058355437665782495,0.07957559681697612,0.09283819628647215,0.04509283819628647,0.05570291777188329,0.08488063660477453,0.16180371352785147,377,0
P08047:567-597,0.0967741935483871,0.12903225806451613,0.03225806451612903,0.0,0.06451612903225806,0.12903225806451613,0.25806451612903225,0.06451612903225806,31,0
P08047:109-141,0.06060606060606061,0.0,0.030303030303030304,0.06060606060606061,0.030303030303030304,0.030303030303030304,0.12121212121212122,0.030303030303030304,33,0
P08047:329-394,0.030303030303030304,0.015151515151515152,0.015151515151515152,0.015151515151515152,0.19696969696969696,0.030303030303030304,0.15151515151515152,0.015151515151515152,66,0
P08047:1-93,0.06451612903225806,0.03225806451612903,0.021505376344086023,0.021505376344086023,0.06451612903225806,0.06451612903225806,0.1935483870967742,0.043010752688172046,93,0
P49589:653-685,0.24242424242424243,0.0,0.15151515151515152,0.2727272727272727,0.06060606060606061,0.15151515151515152,0.0,0.0,33,0
Q16186:194-259,0.0,0.0,0.030303030303030304,0.0,0.015151515151515152,0.19696969696969696,0.07575757575757576,0.15151515151515152,66,0
Q9UKY7:1-234,0.10256410256410256,0.05555555555555555,0.05982905982905983,0.08974358974358974,0.038461538461538464,0.12393162393162394,0.13247863247863248,0.06837606837606838,234,0
P05114:1-100,0.14,0.05,0.05,0.21,0.03,0.17,0.06,0.07,100,0
P29692:118-172,0.12727272727272726,0.14545454545454545,0.03636363636363636,0.05454545454545454,0.05454545454545454,0.12727272727272726,0.03636363636363636,0.12727272727272726,55,0
P09497:1-82,0.12195121951219512,0.07317073170731707,0.0,0.0,0.04878048780487805,0.1951219512195122,0.14634146341463414,0.07317073170731707,82,0
O14556:19-68,0.12,0.0,0.04,0.06,0.06,0.06,0.0,0.46,50,0
P12109:254-590,0.08605341246290801,0.06528189910979229,0.05934718100890208,0.05934718100890208,0.020771513353115726,0.050445103857566766,0.3293768545994065,0.17507418397626112,337,0
P12110:257-297,0.07317073170731707,0.024390243902439025,0.04878048780487805,0.0975609756097561,0.07317073170731707,0.024390243902439025,0.3170731707317073,0.17073170731707318,41,0
P12110:313-588,0.06159420289855073,0.06159420289855073,0.07971014492753623,0.07971014492753623,0.021739130434782608,0.04710144927536232,0.34057971014492755,0.19202898550724637,276,0
Q99700:1137-1219,0.0,0.0,0.0,0.0,0.1686746987951807,0.13253012048192772,0.04819277108433735,0.18072289156626506,83,0
Q99700:1-254,0.007874015748031496,0.003937007874015748,0.09448818897637795,0.011811023622047244,0.10236220472440945,0.14566929133858267,0.12992125984251968,0.18110236220472442,254,0
Q99700:459-954,0.05846774193548387,0.03225806451612903,0.07862903225806452,0.05846774193548387,0.04838709677419355,0.05846774193548387,0.05846774193548387,0.14516129032258066,496,0
P09496:1-92,0.10869565217391304,0.07608695652173914,0.0,0.0,0.043478260869565216,0.17391304347826086,0.1956521739130435,0.13043478260869565,92,0
P18846:1-61,0.08196721311475409,0.04918032786885246,0.03278688524590164,0.03278688524590164,0.09836065573770492,0.09836065573770492,0.06557377049180328,0.03278688524590164,61,0
P50995:1-37,0.0,0.0,0.0,0.0,0.0,0.10810810810810811,0.21621621621621623,0.40540540540540543,37,0
P50995:84-192,0.0,0.0,0.01834862385321101,0.0,0.11009174311926606,0.03669724770642202,0.1651376146788991,0.3669724770642202,109,0
P17544:110-148,0.10256410256410256,0.05128205128205128,0.0,0.07692307692307693,0.0,0.02564102564102564,0.0,0.28205128205128205,39,0
P17544:299-340,0.07142857142857142,0.09523809523809523,0.16666666666666666,0.0,0.09523809523809523,0.07142857142857142,0.047619047619047616,0.19047619047619047,42,0
O43310:43-90,0.08333333333333333,0.10416666666666667,0.0625,0.041666666666666664,0.08333333333333333,0.041666666666666664,0.08333333333333333,0.0625,48,0
O43310:180-336,0.06369426751592357,0.050955414012738856,0.10828025477707007,0.07006369426751592,0.06369426751592357,0.06369426751592357,0.10828025477707007,0.10828025477707007,157,0
P51397:1-102,0.058823529411764705,0.06862745098039216,0.0392156862745098,0.11764705882352941,0.06862745098039216,0.08823529411764706,0.06862745098039216,0.14705882352941177,102,0
Q8N8S7:115-146,0.125,0.0,0.09375,0.0,0.21875,0.03125,0.0625,0.125,32,0
Q8N8S7:405-549,0.07586206896551724,0.04827586206896552,0.0896551724137931,0.06206896551724138,0.027586206896551724,0.04827586206896552,0.0896551724137931,0.08275862068965517,145,0
Q8N8S7:221-379,0.11320754716981132,0.012578616352201259,0.09433962264150944,0.0,0.07547169811320754,0.0880503144654088,0.050314465408805034,0.29559748427672955,159,0
Q96K17:122-158,0.16216216216216217,0.21621621621621623,0.02702702702702703,0.08108108108108109,0.02702702702702703,0.08108108108108109,0.0,0.08108108108108109,37,0
Q92793:1-41,0.04878048780487805,0.12195121951219512,0.024390243902439025,0.04878048780487805,0.0,0.07317073170731707,0.07317073170731707,0.12195121951219512,41,0
Q92793:1977-2028,0.0,0.0,0.038461538461538464,0.0,0.11538461538461539,0.038461538461538464,0.11538461538461539,0.23076923076923078,52,0
Q92793:1556-1615,0.15,0.016666666666666666,0.03333333333333333,0.21666666666666667,0.03333333333333333,0.06666666666666667,0.03333333333333333,0.03333333333333333,60,0
Q92793:1874-1959,0.011627906976744186,0.0,0.023255813953488372,0.011627906976744186,0.12790697674418605,0.11627906976744186,0.03488372093023256,0.313953488372093,86,0
Q92793:74-179,0.0,0.009433962264150943,0.009433962264150943,0.02830188679245283,0.11320754716981132,0.14150943396226415,0.14150943396226415,0.10377358490566038,106,0
Q92793:2294-2433,0.014285714285714285,0.02142857142857143,0.03571428571428571,0.007142857142857143,0.16428571428571428,0.05,0.07142857142857142,0.16428571428571428,140,0
Q92793:2112-2263,0.006578947368421052,0.0,0.03289473684210526,0.0,0.3157894736842105,0.05921052631578947,0.13815789473684212,0.13157894736842105,152,0
Q92793:794-1083,0.07586206896551724,0.02413793103448276,0.010344827586206896,0.034482758620689655,0.1206896551724138,0.0896551724137931,0.05862068965517241,0.18275862068965518,290,0
Q02790:421-459,0.20512820512820512,0.05128205128205128,0.0,0.10256410256410256,0.07692307692307693,0.1282051282051282,0.05128205128205128,0.02564102564102564,39,0
P80723:1-227,0.1894273127753304,0.03524229074889868,0.0,0.14096916299559473,0.030837004405286344,0.2511013215859031,0.07488986784140969,0.12334801762114538,227,0
P02458:97-1237,0.051709027169149865,0.03242769500438212,0.04995617879053462,0.03943908851884312,0.03943908851884312,0.09728308501314636,0.33216476774758985,0.21998247151621383,1141,0
Q96IF1:1-172,0.06395348837209303,0.040697674418604654,0.11046511627906977,0.03488372093023256,0.023255813953488372,0.0872093023255814,0.1686046511627907,0.12790697674418605,172,0
Q14195:506-570,0.015384615384615385,0.015384615384615385,0.09230769230769231,0.03076923076923077,0.03076923076923077,0.06153846153846154,0.13846153846153847,0.12307692307692308,65,0
O00499:280-354,0.05333333333333334,0.02666666666666667,0.02666666666666667,0.10666666666666667,0.02666666666666667,0.10666666666666667,0.08,0.25333333333333335,75,0
O00499:400-488,0.11235955056179775,0.011235955056179775,0.0,0.011235955056179775,0.056179775280898875,0.19101123595505617,0.10112359550561797,0.16853932584269662,89,0
Q9P287:1-52,0.25,0.19230769230769232,0.07692307692307693,0.07692307692307693,0.038461538461538464,0.038461538461538464,0.019230769230769232,0.09615384615384616,52,0
Q8IZ52:37-100,0.09375,0.015625,0.078125,0.015625,0.0625,0.125,0.15625,0.21875,64,0
O95817:532-575,0.06818181818181818,0.06818181818181818,0.0,0.06818181818181818,0.045454545454545456,0.20454545454545456,0.06818181818181818,0.13636363636363635,44,0
O95817:123-200,0.038461538461538464,0.02564102564102564,0.0641025641025641,0.01282051282051282,0.10256410256410256,0.19230769230769232,0.0641025641025641,0.11538461538461539,78,0
O95817:1-92,0.05434782608695652,0.05434782608695652,0.07608695652173914,0.021739130434782608,0.03260869565217391,0.05434782608695652,0.09782608695652174,0.17391304347826086,92,0
O95817:248-421,0.08045977011494253,0.022988505747126436,0.05747126436781609,0.06321839080459771,0.040229885057471264,0.08620689655172414,0.05172413793103448,0.2413793103448276,174,0
Q9UDT6:1-71,0.04225352112676056,0.0,0.028169014084507043,0.09859154929577464,0.028169014084507043,0.16901408450704225,0.1267605633802817,0.14084507042253522,71,0
Q7Z3E2:1-43,0.13953488372093023,0.06976744186046512,0.0,0.11627906976744186,0.0,0.023255813953488372,0.046511627906976744,0.023255813953488372,43,0
Q7Z3E2:702-749,0.08333333333333333,0.0625,0.10416666666666667,0.041666666666666664,0.020833333333333332,0.0625,0.08333333333333333,0.020833333333333332,48,0
Q96EP5:77-112,0.05555555555555555,0.05555555555555555,0.1388888888888889,0.1111111111111111,0.05555555555555555,0.0,0.1111111111111111,0.16666666666666666,36,0
Q96EP5:185-407,0.004484304932735426,0.026905829596412557,0.03139013452914798,0.013452914798206279,0.09417040358744394,0.09417040358744394,0.17937219730941703,0.2556053811659193,223,0
P50502:256-300,0.13333333333333333,0.0,0.1111111111111111,0.022222222222222223,0.06666666666666667,0.08888888888888889,0.2222222222222222,0.1111111111111111,45,0
P50502:38-97,0.2,0.11666666666666667,0.0,0.15,0.03333333333333333,0.06666666666666667,0.05,0.1,60,0
Q5HYJ3:144-243,0.07,0.03,0.02,0.11,0.06,0.02,0.05,0.05,100,0
P09429:161-215,0.38181818181818183,0.2,0.01818181818181818,0.18181818181818182,0.0,0.09090909090909091,0.03636363636363636,0.01818181818181818,55,0
Q96AE4:548-580,0.0,0.030303030303030304,0.0,0.0,0.21212121212121213,0.21212121212121213,0.12121212121212122,0.21212121212121213,33,0
Q96AE4:44-94,0.0196078431372549,0.11764705882352941,0.0196078431372549,0.0784313725490196,0.09803921568627451,0.058823529411764705,0.1568627450980392,0.09803921568627451,51,0
Q96AE4:447-532,0.0,0.023255813953488372,0.0,0.011627906976744186,0.046511627906976744,0.09302325581395349,0.19767441860465115,0.36046511627906974,86,0
O15347:161-200,0.45,0.075,0.025,0.175,0.0,0.075,0.075,0.025,40,0
Q7Z5L9:437-494,0.034482758620689655,0.017241379310344827,0.08620689655172414,0.017241379310344827,0.05172413793103448,0.06896551724137931,0.13793103448275862,0.1206896551724138,58,0
Q7Z5L9:126-192,0.04477611940298507,0.014925373134328358,0.07462686567164178,0.014925373134328358,0.04477611940298507,0.05970149253731343,0.07462686567164178,0.2537313432835821,67,0
Q7Z5L9:342-420,0.0759493670886076,0.0,0.05063291139240506,0.06329113924050633,0.02531645569620253,0.10126582278481013,0.0759493670886076,0.189873417721519,79,0
Q7Z5L9:225-306,0.08536585365853659,0.036585365853658534,0.07317073170731707,0.06097560975609756,0.04878048780487805,0.1951219512195122,0.0975609756097561,0.0975609756097561,82,0
Q92598:803-858,0.14285714285714285,0.08928571428571429,0.017857142857142856,0.125,0.017857142857142856,0.017857142857142856,0.05357142857142857,0.14285714285714285,56,0
Q92598:500-584,0.1411764705882353,0.09411764705882353,0.011764705882352941,0.07058823529411765,0.11764705882352941,0.07058823529411765,0.011764705882352941,0.12941176470588237,85,0
P24534:80-115,0.16666666666666666,0.2777777777777778,0.0,0.027777777777777776,0.0,0.08333333333333333,0.1111111111111111,0.027777777777777776,36,0
O43583:72-106,0.17142857142857143,0.0,0.05714285714285714,0.17142857142857143,0.14285714285714285,0.05714285714285714,0.2,0.02857142857142857,35,0
Q17RN3:313-349,0.08108108108108109,0.05405405405405406,0.16216216216216217,0.16216216216216217,0.02702702702702703,0.0,0.13513513513513514,0.16216216216216217,37,0
Q12904:107-146,0.15,0.05,0.0,0.3,0.075,0.075,0.15,0.0,40,0
Q9BYV8:89-137,0.08163265306122448,0.10204081632653061,0.061224489795918366,0.02040816326530612,0.061224489795918366,0.12244897959183673,0.10204081632653061,0.08163265306122448,49,0
Q9BYV8:311-373,0.07936507936507936,0.015873015873015872,0.06349206349206349,0.047619047619047616,0.06349206349206349,0.07936507936507936,0.12698412698412698,0.1111111111111111,63,0
Q92945:392-425,0.0,0.0,0.11764705882352941,0.0,0.029411764705882353,0.0,0.4117647058823529,0.2647058823529412,34,0
Q92945:501-569,0.0,0.014492753623188406,0.0,0.014492753623188406,0.07246376811594203,0.13043478260869565,0.2028985507246377,0.3333333333333333,69,0
Q92945:583-711,0.046511627906976744,0.023255813953488372,0.007751937984496124,0.046511627906976744,0.18604651162790697,0.13178294573643412,0.12403100775193798,0.21705426356589147,129,0
Q92945:1-146,0.0136986301369863,0.06164383561643835,0.0410958904109589,0.03424657534246575,0.0547945205479452,0.0958904109589041,0.2876712328767123,0.1643835616438356,146,0
P39748:330-380,0.0392156862745098,0.0392156862745098,0.0784313725490196,0.23529411764705882,0.0392156862745098,0.0784313725490196,0.13725490196078433,0.0392156862745098,51,0
O60869:33-63,0.06451612903225806,0.06451612903225806,0.0967741935483871,0.16129032258064516,0.06451612903225806,0.0967741935483871,0.06451612903225806,0.0,31,0
P49840:449-483,0.02857142857142857,0.05714285714285714,0.0,0.0,0.05714285714285714,0.08571428571428572,0.02857142857142857,0.08571428571428572,35,0
P49840:1-92,0.010869565217391304,0.0,0.021739130434782608,0.021739130434782608,0.0,0.07608695652173914,0.5,0.10869565217391304,92,0
O43318:302-338,0.05405405405405406,0.08108108108108109,0.0,0.02702702702702703,0.08108108108108109,0.05405405405405406,0.05405405405405406,0.0,37,0
O43318:354-391,0.07894736842105263,0.02631578947368421,0.07894736842105263,0.07894736842105263,0.07894736842105263,0.07894736842105263,0.10526315789473684,0.05263157894736842,38,0
O43318:443-493,0.0392156862745098,0.0784313725490196,0.058823529411764705,0.0196078431372549,0.0196078431372549,0.0,0.0784313725490196,0.11764705882352941,51,0
Q14696:188-234,0.10638297872340426,0.06382978723404255,0.06382978723404255,0.2765957446808511,0.0425531914893617,0.02127659574468085,0.14893617021276595,0.02127659574468085,47,0
Q14696:31-95,0.1076923076923077,0.15384615384615385,0.06153846153846154,0.1076923076923077,0.015384615384615385,0.07692307692307693,0.046153846153846156,0.12307692307692308,65,0
Q9H1B7:515-556,0.047619047619047616,0.023809523809523808,0.09523809523809523,0.047619047619047616,0.0,0.23809523809523808,0.11904761904761904,0.21428571428571427,42,0
Q9H1B7:585-698,0.008771929824561403,0.03508771929824561,0.05263157894736842,0.008771929824561403,0.03508771929824561,0.13157894736842105,0.09649122807017543,0.20175438596491227,114,0
Q9H1B7:174-345,0.03488372093023256,0.005813953488372093,0.040697674418604654,0.01744186046511628,0.023255813953488372,0.09302325581395349,0.1686046511627907,0.19186046511627908,172,0
Q96SI1:1-32,0.0625,0.0,0.09375,0.03125,0.0,0.03125,0.15625,0.0625,32,0
Q13442:1-117,0.17094017094017094,0.09401709401709402,0.07692307692307693,0.13675213675213677,0.07692307692307693,0.05982905982905983,0.10256410256410256,0.042735042735042736,117,0
Q9BW62:101-182,0.06097560975609756,0.08536585365853659,0.15853658536585366,0.08536585365853659,0.024390243902439025,0.08536585365853659,0.0975609756097561,0.13414634146341464,82,0
Q9H074:1-114,0.043859649122807015,0.02631578947368421,0.11403508771929824,0.017543859649122806,0.08771929824561403,0.10526315789473684,0.15789473684210525,0.21052631578947367,114,0
P14314:234-264,0.0967741935483871,0.16129032258064516,0.0,0.0,0.0967741935483871,0.12903225806451613,0.0967741935483871,0.03225806451612903,31,0
P14314:281-357,0.36363636363636365,0.05194805194805195,0.012987012987012988,0.025974025974025976,0.025974025974025976,0.09090909090909091,0.0,0.22077922077922077,77,0
O14964:718-777,0.016666666666666666,0.03333333333333333,0.0,0.0,0.26666666666666666,0.11666666666666667,0.08333333333333333,0.21666666666666667,60,0
O14964:338-403,0.15151515151515152,0.015151515151515152,0.015151515151515152,0.030303030303030304,0.06060606060606061,0.09090909090909091,0.07575757575757576,0.21212121212121213,66,0
O14964:223-319,0.13402061855670103,0.010309278350515464,0.030927835051546393,0.05154639175257732,0.07216494845360824,0.12371134020618557,0.010309278350515464,0.12371134020618557,97,0
P41227:178-235,0.15517241379310345,0.10344827586206896,0.017241379310344827,0.08620689655172414,0.0,0.08620689655172414,0.08620689655172414,0.034482758620689655,58,0
O14745:114-156,0.18604651162790697,0.023255813953488372,0.09302325581395349,0.023255813953488372,0.09302325581395349,0.16279069767441862,0.06976744186046512,0.13953488372093023,43,0
O14745:277-358,0.06097560975609756,0.07317073170731707,0.06097560975609756,0.07317073170731707,0.04878048780487805,0.0975609756097561,0.0,0.08536585365853659,82,0
Q9Y3E1:99-203,0.14285714285714285,0.09523809523809523,0.047619047619047616,0.14285714285714285,0.05714285714285714,0.047619047619047616,0.11428571428571428,0.009523809523809525,105,0
Q7L1V2:1-106,0.14150943396226415,0.08490566037735849,0.02830188679245283,0.018867924528301886,0.03773584905660377,0.08490566037735849,0.12264150943396226,0.16037735849056603,106,0
Q15185:123-160,0.13157894736842105,0.2894736842105263,0.0,0.02631578947368421,0.02631578947368421,0.02631578947368421,0.07894736842105263,0.05263157894736842,38,0
P53999:1-64,0.0625,0.078125,0.046875,0.1875,0.046875,0.03125,0.03125,0.046875,64,0
Q9UN37:75-106,0.15625,0.09375,0.03125,0.21875,0.03125,0.0,0.125,0.0625,32,0
P13051:1-68,0.07352941176470588,0.014705882352941176,0.029411764705882353,0.058823529411764705,0.04411764705882353,0.16176470588235295,0.10294117647058823,0.17647058823529413,68,0
Q99536:1-40,0.15,0.075,0.025,0.025,0.025,0.275,0.05,0.125,40,0
P14859:1-34,0.058823529411764705,0.058823529411764705,0.0,0.058823529411764705,0.08823529411764706,0.0,0.11764705882352941,0.11764705882352941,34,0
P14859:494-557,0.03125,0.015625,0.0,0.0,0.015625,0.125,0.015625,0.109375,64,0
Q8NFW8:1-42,0.047619047619047616,0.023809523809523808,0.16666666666666666,0.07142857142857142,0.047619047619047616,0.047619047619047616,0.16666666666666666,0.11904761904761904,42,0
Q9Y5N6:188-232,0.15555555555555556,0.08888888888888889,0.06666666666666667,0.15555555555555556,0.044444444444444446,0.06666666666666667,0.022222222222222223,0.13333333333333333,45,0
Q9BVG4:167-233,0.22388059701492538,0.07462686567164178,0.029850746268656716,0.1791044776119403,0.0,0.05970149253731343,0.208955223880597,0.0,67,0
P23511:299-346,0.10416666666666667,0.0625,0.125,0.0625,0.0625,0.08333333333333333,0.0625,0.0625,48,0
O00330:142-175,0.11764705882352941,0.029411764705882353,0.029411764705882353,0.11764705882352941,0.029411764705882353,0.0,0.029411764705882353,0.3235294117647059,34,0
O00330:225-268,0.022727272727272728,0.0,0.045454545454545456,0.022727272727272728,0.045454545454545456,0.11363636363636363,0.06818181818181818,0.2727272727272727,44,0
Q9UJA5:277-354,0.23076923076923078,0.0641025641025641,0.05128205128205128,0.08974358974358974,0.10256410256410256,0.05128205128205128,0.038461538461538464,0.0641025641025641,78,0
O94851:886-941,0.017857142857142856,0.03571428571428571,0.03571428571428571,0.08928571428571429,0.017857142857142856,0.07142857142857142,0.03571428571428571,0.19642857142857142,56,1
Q99575:365-398,0.11764705882352941,0.08823529411764706,0.058823529411764705,0.2647058823529412,0.058823529411764705,0.029411764705882353,0.058823529411764705,0.08823529411764706,34,1
Q99575:722-762,0.12195121951219512,0.04878048780487805,0.04878048780487805,0.07317073170731707,0.024390243902439025,0.04878048780487805,0.04878048780487805,0.14634146341463414,41,1
Q99575:1-95,0.06315789473684211,0.021052631578947368,0.07368421052631578,0.11578947368421053,0.07368421052631578,0.05263157894736842,0.10526315789473684,0.08421052631578947,95,1
Q9HCS7:813-855,0.23255813953488372,0.11627906976744186,0.023255813953488372,0.023255813953488372,0.09302325581395349,0.046511627906976744,0.046511627906976744,0.06976744186046512,43,1
O43290:571-604,0.29411764705882354,0.08823529411764706,0.08823529411764706,0.0,0.029411764705882353,0.058823529411764705,0.11764705882352941,0.0,34,1
O43290:419-497,0.16455696202531644,0.12658227848101267,0.10126582278481013,0.012658227848101266,0.05063291139240506,0.0379746835443038,0.10126582278481013,0.11392405063291139,79,1
O43290:1-120,0.11666666666666667,0.025,0.15833333333333333,0.08333333333333333,0.016666666666666666,0.11666666666666667,0.16666666666666666,0.025,120,1
Q9Y5B9:920-1047,0.2578125,0.09375,0.078125,0.0703125,0.0078125,0.046875,0.078125,0.03125,128,1
Q9Y5Q9:1-121,0.2644628099173554,0.0743801652892562,0.049586776859504134,0.08264462809917356,0.024793388429752067,0.024793388429752067,0.06611570247933884,0.04132231404958678,121,1
Q9ULU4:1-56,0.017857142857142856,0.05357142857142857,0.05357142857142857,0.16071428571428573,0.03571428571428571,0.03571428571428571,0.05357142857142857,0.125,56,1
Q9ULU4:412-512,0.039603960396039604,0.0594059405940594,0.0297029702970297,0.07920792079207921,0.0297029702970297,0.06930693069306931,0.06930693069306931,0.07920792079207921,101,1
Q9ULU4:1071-1186,0.09482758620689655,0.0603448275862069,0.04310344827586207,0.07758620689655173,0.034482758620689655,0.05172413793103448,0.05172413793103448,0.02586206896551724,116,1
Q9ULU4:582-884,0.0891089108910891,0.066006600660066,0.026402640264026403,0.11551155115511551,0.09570957095709572,0.066006600660066,0.039603960396039604,0.09570957095709572,303,1
Q9UKM9:215-306,0.09782608695652174,0.09782608695652174,0.03260869565217391,0.043478260869565216,0.05434782608695652,0.07608695652173914,0.31521739130434784,0.05434782608695652,92,1
Q8WUA4:205-297,0.12903225806451613,0.043010752688172046,0.053763440860215055,0.06451612903225806,0.03225806451612903,0.07526881720430108,0.08602150537634409,0.17204301075268819,93,1
Q8WUA4:24-187,0.08536585365853659,0.054878048780487805,0.10365853658536585,0.08536585365853659,0.054878048780487805,0.036585365853658534,0.054878048780487805,0.15853658536585366,164,1
Q13247:176-344,0.023668639053254437,0.029585798816568046,0.27218934911242604,0.10650887573964497,0.005917159763313609,0.011834319526627219,0.03550295857988166,0.05917159763313609,169,1
P62847:94-133,0.075,0.0,0.125,0.3,0.025,0.075,0.1,0.025,40,1
Q08170:169-494,0.06748466257668712,0.02147239263803681,0.2331288343558282,0.13496932515337423,0.027607361963190184,0.02147239263803681,0.046012269938650305,0.024539877300613498,326,1
O94906:1-79,0.012658227848101266,0.16455696202531644,0.06329113924050633,0.08860759493670886,0.02531645569620253,0.08860759493670886,0.11392405063291139,0.10126582278481013,79,1
Q9Y580:162-234,0.0136986301369863,0.0821917808219178,0.1095890410958904,0.0273972602739726,0.0958904109589041,0.0136986301369863,0.0547945205479452,0.0547945205479452,73,1
Q7KZ85:484-520,0.2702702702702703,0.08108108108108109,0.13513513513513514,0.10810810810810811,0.05405405405405406,0.08108108108108109,0.10810810810810811,0.02702702702702703,37,1
Q7KZ85:1636-1726,0.06593406593406594,0.04395604395604396,0.07692307692307693,0.054945054945054944,0.15384615384615385,0.0989010989010989,0.02197802197802198,0.10989010989010989,91,1
Q7KZ85:1-199,0.25125628140703515,0.19095477386934673,0.04020100502512563,0.08040201005025126,0.03015075376884422,0.03015075376884422,0.07035175879396985,0.03015075376884422,199,1
P62314:88-119,0.03125,0.0,0.375,0.09375,0.0,0.0625,0.34375,0.03125,32,1
Q96EE3:324-360,0.0,0.0,0.02702702702702703,0.02702702702702703,0.08108108108108109,0.02702702702702703,0.13513513513513514,0.08108108108108109,37,1
P39023:1-35,0.0,0.02857142857142857,0.17142857142857143,0.14285714285714285,0.0,0.02857142857142857,0.08571428571428572,0.08571428571428572,35,1
Q9HCE1:966-1000,0.14285714285714285,0.02857142857142857,0.05714285714285714,0.02857142857142857,0.05714285714285714,0.0,0.11428571428571428,0.11428571428571428,35,1
Q14764:856-893,0.02631578947368421,0.02631578947368421,0.07894736842105263,0.0,0.10526315789473684,0.10526315789473684,0.13157894736842105,0.18421052631578946,38,1
Q8WVC0:547-583,0.24324324324324326,0.05405405405405406,0.1891891891891892,0.02702702702702703,0.10810810810810811,0.02702702702702703,0.05405405405405406,0.02702702702702703,37,1
Q8WVC0:602-666,0.16923076923076924,0.16923076923076924,0.06153846153846154,0.16923076923076924,0.015384615384615385,0.07692307692307693,0.046153846153846156,0.015384615384615385,65,1
Q8WVC0:1-356,0.1544943820224719,0.19662921348314608,0.0449438202247191,0.0449438202247191,0.06179775280898876,0.056179775280898875,0.06741573033707865,0.042134831460674156,356,1
Q9Y2X3:409-529,0.2066115702479339,0.04132231404958678,0.024793388429752067,0.2809917355371901,0.008264462809917356,0.05785123966942149,0.024793388429752067,0.04132231404958678,121,1
P57740:20-64,0.022222222222222223,0.022222222222222223,0.13333333333333333,0.044444444444444446,0.13333333333333333,0.06666666666666667,0.022222222222222223,0.08888888888888889,45,1
Q96T37:256-298,0.0,0.046511627906976744,0.09302325581395349,0.023255813953488372,0.023255813953488372,0.06976744186046512,0.23255813953488372,0.13953488372093023,43,1
Q96T37:1-167,0.041916167664670656,0.04790419161676647,0.1497005988023952,0.05389221556886228,0.005988023952095809,0.05389221556886228,0.19760479041916168,0.04790419161676647,167,1
Q96T37:557-778,0.04954954954954955,0.12612612612612611,0.17567567567567569,0.05405405405405406,0.018018018018018018,0.05855855855855856,0.04954954954954955,0.12162162162162163,222,1
Q12789:1202-1241,0.05,0.05,0.175,0.3,0.025,0.0,0.125,0.05,40,1
Q12789:467-521,0.10909090909090909,0.05454545454545454,0.10909090909090909,0.09090909090909091,0.03636363636363636,0.03636363636363636,0.09090909090909091,0.07272727272727272,55,1
Q12789:718-775,0.08620689655172414,0.05172413793103448,0.05172413793103448,0.08620689655172414,0.06896551724137931,0.05172413793103448,0.1206896551724138,0.08620689655172414,58,1
Q12789:1823-1961,0.12949640287769784,0.07194244604316546,0.050359712230215826,0.014388489208633094,0.08633093525179857,0.14388489208633093,0.1079136690647482,0.1366906474820144,139,1
O75494:116-262,0.034013605442176874,0.027210884353741496,0.23129251700680273,0.11564625850340136,0.02040816326530612,0.013605442176870748,0.027210884353741496,0.047619047619047616,147,1
P37275:551-586,0.08333333333333333,0.05555555555555555,0.0,0.05555555555555555,0.08333333333333333,0.1111111111111111,0.05555555555555555,0.19444444444444445,36,1
P37275:856-898,0.06976744186046512,0.11627906976744186,0.046511627906976744,0.11627906976744186,0.09302325581395349,0.0,0.046511627906976744,0.11627906976744186,43,1
P37275:636-714,0.0379746835443038,0.02531645569620253,0.02531645569620253,0.0379746835443038,0.0759493670886076,0.0379746835443038,0.0379746835443038,0.1518987341772152,79,1
P37275:1-124,0.14516129032258066,0.13709677419354838,0.06451612903225806,0.04838709677419355,0.04032258064516129,0.07258064516129033,0.056451612903225805,0.056451612903225805,124,1
P37275:989-1124,0.38235294117647056,0.0661764705882353,0.03676470588235294,0.058823529411764705,0.051470588235294115,0.0661764705882353,0.058823529411764705,0.022058823529411766,136,1
Q5BKZ1:243-302,0.15,0.016666666666666666,0.13333333333333333,0.2,0.03333333333333333,0.03333333333333333,0.016666666666666666,0.1,60,1
Q5BKZ1:472-582,0.40540540540540543,0.07207207207207207,0.009009009009009009,0.018018018018018018,0.05405405405405406,0.02702702702702703,0.12612612612612611,0.036036036036036036,111,1
Q8NAV1:181-312,0.10606060606060606,0.06060606060606061,0.2803030303030303,0.07575757575757576,0.0,0.007575757575757576,0.015151515151515152,0.08333333333333333,132,1
Q96LT9:213-254,0.23809523809523808,0.11904761904761904,0.023809523809523808,0.0,0.023809523809523808,0.023809523809523808,0.0,0.23809523809523808,42,1
O00267:670-701,0.0,0.0,0.15625,0.0,0.03125,0.03125,0.375,0.09375,32,1
O00267:1-92,0.3695652173913043,0.17391304347826086,0.05434782608695652,0.03260869565217391,0.010869565217391304,0.043478260869565216,0.043478260869565216,0.043478260869565216,92,1
O00267:748-975,0.02631578947368421,0.03070175438596491,0.03508771929824561,0.0,0.08333333333333333,0.06140350877192982,0.10526315789473684,0.19736842105263158,228,1
Q12899:377-432,0.5714285714285714,0.14285714285714285,0.0,0.0,0.0,0.017857142857142856,0.125,0.0,56,1
P52756:507-540,0.11764705882352941,0.0,0.0,0.20588235294117646,0.11764705882352941,0.11764705882352941,0.058823529411764705,0.11764705882352941,34,1
P52756:411-455,0.044444444444444446,0.0,0.0,0.022222222222222223,0.1111111111111111,0.1111111111111111,0.06666666666666667,0.17777777777777778,45,1
P52756:1-93,0.08602150537634409,0.22580645161290322,0.23655913978494625,0.021505376344086023,0.0,0.0,0.07526881720430108,0.010752688172043012,93,1
Q99666:1214-1247,0.14705882352941177,0.029411764705882353,0.0,0.08823529411764706,0.0,0.11764705882352941,0.14705882352941177,0.058823529411764705,34,1
Q99666:1582-1621,0.125,0.05,0.0,0.15,0.05,0.025,0.025,0.025,40,1
Q99666:760-803,0.045454545454545456,0.022727272727272728,0.045454545454545456,0.11363636363636363,0.0,0.022727272727272728,0.045454545454545456,0.1590909090909091,44,1
Q13033:224-278,0.16363636363636364,0.12727272727272726,0.03636363636363636,0.09090909090909091,0.03636363636363636,0.01818181818181818,0.10909090909090909,0.03636363636363636,55,1
Q13033:1-59,0.05084745762711865,0.01694915254237288,0.03389830508474576,0.0,0.05084745762711865,0.15254237288135594,0.3559322033898305,0.15254237288135594,59,1
Q5VYV7:367-408,0.047619047619047616,0.0,0.09523809523809523,0.11904761904761904,0.09523809523809523,0.047619047619047616,0.07142857142857142,0.047619047619047616,42,1
Q5VYV7:173-226,0.07407407407407407,0.07407407407407407,0.09259259259259259,0.05555555555555555,0.05555555555555555,0.07407407407407407,0.037037037037037035,0.037037037037037035,54,1
Q5VYV7:243-313,0.056338028169014086,0.04225352112676056,0.08450704225352113,0.07042253521126761,0.09859154929577464,0.04225352112676056,0.056338028169014086,0.09859154929577464,71,1
Q8IX01:1030-1061,0.15625,0.03125,0.03125,0.0625,0.03125,0.03125,0.25,0.0625,32,1
Q8IX01:848-930,0.24096385542168675,0.0963855421686747,0.012048192771084338,0.012048192771084338,0.012048192771084338,0.0963855421686747,0.1566265060240964,0.12048192771084337,83,1
Q8IX01:694-779,0.023255813953488372,0.08139534883720931,0.05813953488372093,0.046511627906976744,0.05813953488372093,0.10465116279069768,0.08139534883720931,0.1744186046511628,86,1
Q9Y2R4:59-100,0.14285714285714285,0.0,0.07142857142857142,0.19047619047619047,0.11904761904761904,0.047619047619047616,0.047619047619047616,0.023809523809523808,42,1
Q12797:1-46,0.021739130434782608,0.0,0.08695652173913043,0.10869565217391304,0.021739130434782608,0.08695652173913043,0.1956521739130435,0.021739130434782608,46,1
Q9NVP1:31-168,0.13768115942028986,0.043478260869565216,0.014492753623188406,0.16666666666666666,0.043478260869565216,0.043478260869565216,0.057971014492753624,0.043478260869565216,138,1
Q7L2E3:152-199,0.25,0.020833333333333332,0.10416666666666667,0.0,0.020833333333333332,0.0,0.10416666666666667,0.14583333333333334,48,1
O95810:199-234,0.2222222222222222,0.16666666666666666,0.05555555555555555,0.08333333333333333,0.0,0.08333333333333333,0.0,0.027777777777777776,36,1
O95810:1-42,0.07142857142857142,0.047619047619047616,0.023809523809523808,0.047619047619047616,0.07142857142857142,0.07142857142857142,0.07142857142857142,0.16666666666666666,42,1
O95810:271-425,0.16774193548387098,0.04516129032258064,0.03225806451612903,0.06451612903225806,0.05161290322580645,0.09032258064516129,0.05806451612903226,0.03870967741935484,155,1
O43823:591-692,0.18627450980392157,0.058823529411764705,0.0196078431372549,0.029411764705882353,0.049019607843137254,0.23529411764705882,0.08823529411764706,0.09803921568627451,102,1
O43823:269-382,0.11403508771929824,0.15789473684210525,0.18421052631578946,0.07894736842105263,0.043859649122807015,0.02631578947368421,0.10526315789473684,0.043859649122807015,114,1
Q9UHI6:488-519,0.0,0.03125,0.03125,0.15625,0.03125,0.0625,0.0625,0.03125,32,1
Q9UHI6:642-745,0.0673076923076923,0.07692307692307693,0.08653846153846154,0.0673076923076923,0.07692307692307693,0.028846153846153848,0.057692307692307696,0.0673076923076923,104,1
Q12873:1349-1399,0.17647058823529413,0.13725490196078433,0.09803921568627451,0.058823529411764705,0.09803921568627451,0.0392156862745098,0.0392156862745098,0.0784313725490196,51,1
Q12873:30-133,0.125,0.0673076923076923,0.15384615384615385,0.23076923076923078,0.038461538461538464,0.009615384615384616,0.125,0.057692307692307696,104,1
Q12873:231-359,0.046511627906976744,0.046511627906976744,0.10077519379844961,0.16279069767441862,0.015503875968992248,0.06976744186046512,0.13178294573643412,0.15503875968992248,129,1
Q12873:1512-1706,0.18461538461538463,0.05128205128205128,0.09743589743589744,0.07692307692307693,0.010256410256410256,0.05641025641025641,0.08717948717948718,0.14358974358974358,195,1
Q6UB99:1988-2019,0.0625,0.03125,0.03125,0.03125,0.0,0.1875,0.03125,0.3125,32,1
Q6UB99:128-169,0.047619047619047616,0.047619047619047616,0.047619047619047616,0.14285714285714285,0.047619047619047616,0.047619047619047616,0.047619047619047616,0.09523809523809523,42,1
Q6UB99:723-783,0.16393442622950818,0.08196721311475409,0.11475409836065574,0.2786885245901639,0.0,0.01639344262295082,0.0,0.03278688524590164,61,1
Q6UB99:1-90,0.1111111111111111,0.06666666666666667,0.06666666666666667,0.18888888888888888,0.05555555555555555,0.044444444444444446,0.1,0.08888888888888889,90,1
Q6UB99:289-380,0.15217391304347827,0.11956521739130435,0.021739130434782608,0.11956521739130435,0.021739130434782608,0.05434782608695652,0.021739130434782608,0.07608695652173914,92,1
Q6UB99:881-1043,0.1656441717791411,0.10429447852760736,0.13496932515337423,0.19631901840490798,0.006134969325153374,0.04294478527607362,0.05521472392638037,0.04294478527607362,163,1
Q6UB99:398-647,0.084,0.052,0.06,0.148,0.028,0.048,0.056,0.04,250,1
Q6UB99:2131-2406,0.11956521739130435,0.057971014492753624,0.05434782608695652,0.028985507246376812,0.07608695652173914,0.15942028985507245,0.07246376811594203,0.16666666666666666,276,1
Q6UB99:1424-1710,0.09407665505226481,0.10104529616724739,0.09059233449477352,0.17421602787456447,0.013937282229965157,0.05574912891986063,0.059233449477351915,0.0975609756097561,287,1
Q6UB99:1059-1393,0.14626865671641792,0.11343283582089553,0.07164179104477612,0.20298507462686566,0.023880597014925373,0.0626865671641791,0.05373134328358209,0.029850746268656716,335,1
Q9H1A4:289-343,0.0,0.01818181818181818,0.05454545454545454,0.01818181818181818,0.05454545454545454,0.03636363636363636,0.05454545454545454,0.09090909090909091,55,1
O75821:1-55,0.12727272727272726,0.10909090909090909,0.0,0.05454545454545454,0.01818181818181818,0.05454545454545454,0.09090909090909091,0.16363636363636364,55,1
Q8N2M8:172-232,0.22950819672131148,0.13114754098360656,0.0,0.06557377049180328,0.04918032786885246,0.13114754098360656,0.01639344262295082,0.03278688524590164,61,1
Q8N2M8:257-674,0.06937799043062201,0.01674641148325359,0.22009569377990432,0.05502392344497608,0.03110047846889952,0.07894736842105263,0.06937799043062201,0.07177033492822966,418,1
Q14137:1-116,0.16379310344827586,0.09482758620689655,0.05172413793103448,0.02586206896551724,0.017241379310344827,0.06896551724137931,0.10344827586206896,0.09482758620689655,116,1
Q14692:790-822,0.24242424242424243,0.12121212121212122,0.0,0.15151515151515152,0.030303030303030304,0.030303030303030304,0.06060606060606061,0.06060606060606061,33,1
Q14692:1-42,0.07142857142857142,0.09523809523809523,0.09523809523809523,0.2619047619047619,0.07142857142857142,0.09523809523809523,0.047619047619047616,0.047619047619047616,42,1
Q14692:1219-1282,0.125,0.015625,0.109375,0.234375,0.140625,0.046875,0.046875,0.0,64,1
Q14692:575-666,0.21739130434782608,0.07608695652173914,0.010869565217391304,0.08695652173913043,0.03260869565217391,0.05434782608695652,0.043478260869565216,0.03260869565217391,92,1
Q14692:397-557,0.20496894409937888,0.14285714285714285,0.037267080745341616,0.062111801242236024,0.024844720496894408,0.08695652173913043,0.09316770186335403,0.024844720496894408,161,1
Q9BUQ8:1-244,0.1598360655737705,0.11065573770491803,0.21721311475409835,0.15163934426229508,0.03278688524590164,0.04918032786885246,0.040983606557377046,0.03278688524590164,244,1
Q6PD62:892-1173,0.1276595744680851,0.11347517730496454,0.09219858156028368,0.11702127659574468,0.031914893617021274,0.03546099290780142,0.1099290780141844,0.06382978723404255,282,1
Q8WYQ5:360-414,0.14545454545454545,0.14545454545454545,0.03636363636363636,0.03636363636363636,0.01818181818181818,0.05454545454545454,0.07272727272727272,0.16363636363636364,55,1
Q8WYQ5:1-63,0.1111111111111111,0.047619047619047616,0.047619047619047616,0.0,0.06349206349206349,0.09523809523809523,0.1111111111111111,0.1746031746031746,63,1
P55884:1-158,0.1962025316455696,0.05063291139240506,0.05063291139240506,0.0,0.04430379746835443,0.21518987341772153,0.0949367088607595,0.14556962025316456,158,1
Q6P158:1-106,0.02830188679245283,0.03773584905660377,0.10377358490566038,0.10377358490566038,0.009433962264150943,0.02830188679245283,0.24528301886792453,0.05660377358490566,106,1
P49711:180-211,0.0625,0.09375,0.0,0.25,0.125,0.03125,0.03125,0.1875,32,1
P49711:577-717,0.1702127659574468,0.07801418439716312,0.05673758865248227,0.0851063829787234,0.04964539007092199,0.09219858156028368,0.07801418439716312,0.1347517730496454,141,1
Q9P2I0:407-442,0.1388888888888889,0.19444444444444445,0.0,0.1388888888888889,0.05555555555555555,0.05555555555555555,0.0,0.027777777777777776,36,1
Q9UKV3:475-530,0.10714285714285714,0.07142857142857142,0.017857142857142856,0.07142857142857142,0.05357142857142857,0.08928571428571429,0.03571428571428571,0.14285714285714285,56,1
Q9UKV3:892-953,0.22580645161290322,0.0967741935483871,0.06451612903225806,0.04838709677419355,0.06451612903225806,0.04838709677419355,0.08064516129032258,0.0967741935483871,62,1
Q9UKV3:1098-1341,0.19262295081967212,0.06557377049180328,0.2540983606557377,0.0860655737704918,0.04918032786885246,0.04918032786885246,0.02459016393442623,0.07377049180327869,244,1
Q9UKV3:159-460,0.23178807947019867,0.04966887417218543,0.08278145695364239,0.0695364238410596,0.04966887417218543,0.06622516556291391,0.03642384105960265,0.09602649006622517,302,1
Q9UKV3:548-865,0.09433962264150944,0.03773584905660377,0.10377358490566038,0.0660377358490566,0.05660377358490566,0.05660377358490566,0.0440251572327044,0.09119496855345911,318,1
Q8NBZ0:63-236,0.028735632183908046,0.08045977011494253,0.05747126436781609,0.04597701149425287,0.017241379310344827,0.06321839080459771,0.09195402298850575,0.19540229885057472,174,1
Q96ST2:696-728,0.12121212121212122,0.030303030303030304,0.24242424242424243,0.030303030303030304,0.12121212121212122,0.0,0.09090909090909091,0.06060606060606061,33,1
Q96ST2:1-518,0.1969111969111969,0.13706563706563707,0.03861003861003861,0.07142857142857142,0.03474903474903475,0.04826254826254826,0.04826254826254826,0.059845559845559844,518,1
Q99613:3-42,0.15,0.05,0.025,0.05,0.025,0.0,0.125,0.05,40,1
Q99613:159-301,0.20279720279720279,0.16783216783216784,0.03496503496503497,0.14685314685314685,0.02097902097902098,0.07692307692307693,0.04895104895104895,0.02097902097902098,143,1
O60832:443-514,0.1388888888888889,0.06944444444444445,0.027777777777777776,0.3055555555555556,0.013888888888888888,0.09722222222222222,0.05555555555555555,0.05555555555555555,72,1
Q8N8A6:9-152,0.1597222222222222,0.034722222222222224,0.1388888888888889,0.013888888888888888,0.041666666666666664,0.2152777777777778,0.10416666666666667,0.1111111111111111,144,1
Q6P2E9:662-702,0.0,0.04878048780487805,0.024390243902439025,0.04878048780487805,0.04878048780487805,0.07317073170731707,0.14634146341463414,0.17073170731707318,41,1
Q6P2E9:868-946,0.05063291139240506,0.11392405063291139,0.06329113924050633,0.11392405063291139,0.05063291139240506,0.12658227848101267,0.0759493670886076,0.0759493670886076,79,1
Q6UWZ7:362-409,0.10416666666666667,0.10416666666666667,0.041666666666666664,0.125,0.041666666666666664,0.041666666666666664,0.0625,0.041666666666666664,48,1
Q6PL18:1124-1161,0.05263157894736842,0.05263157894736842,0.02631578947368421,0.10526315789473684,0.07894736842105263,0.05263157894736842,0.02631578947368421,0.13157894736842105,38,1
Q6PL18:1181-1242,0.16129032258064516,0.0967741935483871,0.03225806451612903,0.08064516129032258,0.08064516129032258,0.04838709677419355,0.03225806451612903,0.0,62,1
Q6PL18:216-380,0.1393939393939394,0.17575757575757575,0.12121212121212122,0.048484848484848485,0.05454545454545454,0.03636363636363636,0.04242424242424243,0.048484848484848485,165,1
O95400:1-66,0.10606060606060606,0.16666666666666666,0.030303030303030304,0.12121212121212122,0.015151515151515152,0.015151515151515152,0.13636363636363635,0.06060606060606061,66,1
Q08211:83-118,0.027777777777777776,0.08333333333333333,0.0,0.0,0.0,0.1111111111111111,0.1111111111111111,0.2222222222222222,36,1
Q9NVM9:615-650,0.16666666666666666,0.08333333333333333,0.0,0.1388888888888889,0.027777777777777776,0.05555555555555555,0.027777777777777776,0.19444444444444445,36,1
Q9NVM9:564-603,0.25,0.1,0.125,0.2,0.05,0.025,0.025,0.05,40,1
Q08379:1-107,0.04672897196261682,0.04672897196261682,0.04672897196261682,0.102803738317757,0.056074766355140186,0.09345794392523364,0.07476635514018691,0.1308411214953271,107,1
Q9BQS8:1294-1332,0.1282051282051282,0.1282051282051282,0.0,0.0,0.02564102564102564,0.05128205128205128,0.02564102564102564,0.1282051282051282,39,1
Q9BQS8:1234-1277,0.022727272727272728,0.09090909090909091,0.022727272727272728,0.0,0.06818181818181818,0.09090909090909091,0.18181818181818182,0.20454545454545456,44,1
Q8N201:1-61,0.03278688524590164,0.03278688524590164,0.08196721311475409,0.09836065573770492,0.01639344262295082,0.14754098360655737,0.08196721311475409,0.14754098360655737,61,1
P22087:1-87,0.0,0.011494252873563218,0.1724137931034483,0.034482758620689655,0.011494252873563218,0.0,0.5632183908045977,0.022988505747126436,87,1
Q9Y5S2:969-1009,0.12195121951219512,0.024390243902439025,0.04878048780487805,0.024390243902439025,0.12195121951219512,0.17073170731707318,0.0,0.17073170731707318,41,1
Q9Y5S2:1611-1711,0.0594059405940594,0.06930693069306931,0.04950495049504951,0.0297029702970297,0.04950495049504951,0.039603960396039604,0.04950495049504951,0.2079207920792079,101,1
Q86U38:1-59,0.01694915254237288,0.03389830508474576,0.15254237288135594,0.06779661016949153,0.03389830508474576,0.05084745762711865,0.1864406779661017,0.22033898305084745,59,1
Q8NC60:80-134,0.18181818181818182,0.03636363636363636,0.18181818181818182,0.01818181818181818,0.21818181818181817,0.03636363636363636,0.01818181818181818,0.10909090909090909,55,1
Q9UBU9:1-86,0.06976744186046512,0.10465116279069768,0.16279069767441862,0.05813953488372093,0.023255813953488372,0.03488372093023256,0.13953488372093023,0.05813953488372093,86,1
Q8N7H5:361-531,0.22807017543859648,0.14035087719298245,0.05263157894736842,0.03508771929824561,0.04093567251461988,0.09941520467836257,0.10526315789473684,0.017543859649122806,171,1
O00566:559-606,0.10416666666666667,0.0625,0.125,0.3125,0.041666666666666664,0.08333333333333333,0.020833333333333332,0.0,48,1
O00566:105-202,0.20408163265306123,0.16326530612244897,0.04081632653061224,0.08163265306122448,0.05102040816326531,0.02040816326530612,0.05102040816326531,0.04081632653061224,98,1
O00566:216-364,0.20134228187919462,0.18120805369127516,0.026845637583892617,0.10738255033557047,0.020134228187919462,0.026845637583892617,0.03355704697986577,0.013422818791946308,149,1
P55081:39-200,0.2962962962962963,0.08641975308641975,0.1111111111111111,0.043209876543209874,0.037037037037037035,0.037037037037037035,0.037037037037037035,0.037037037037037035,162,1
Q8NI35:1169-1221,0.11320754716981132,0.09433962264150944,0.018867924528301886,0.1320754716981132,0.07547169811320754,0.07547169811320754,0.03773584905660377,0.11320754716981132,53,1
P0C1Z6:142-211,0.11428571428571428,0.04285714285714286,0.12857142857142856,0.02857142857142857,0.014285714285714285,0.1,0.12857142857142856,0.21428571428571427,70,1
O75962:1927-1965,0.07692307692307693,0.10256410256410256,0.02564102564102564,0.02564102564102564,0.02564102564102564,0.0,0.02564102564102564,0.10256410256410256,39,1
O75962:1603-1650,0.041666666666666664,0.125,0.08333333333333333,0.041666666666666664,0.08333333333333333,0.0625,0.08333333333333333,0.08333333333333333,48,1
O75962:1779-1906,0.0859375,0.078125,0.0625,0.078125,0.0546875,0.0859375,0.078125,0.0703125,128,1
O75962:2288-2552,0.03773584905660377,0.03018867924528302,0.05660377358490566,0.033962264150943396,0.03018867924528302,0.10943396226415095,0.16226415094339622,0.14339622641509434,265,1
Q9Y5Q8:465-519,0.32727272727272727,0.10909090909090909,0.0,0.05454545454545454,0.01818181818181818,0.05454545454545454,0.07272727272727272,0.01818181818181818,55,1
Q12888:997-1028,0.1875,0.0,0.03125,0.0625,0.03125,0.15625,0.0625,0.03125,32,1
Q12888:649-685,0.3783783783783784,0.0,0.0,0.05405405405405406,0.02702702702702703,0.0,0.08108108108108109,0.08108108108108109,37,1
Q12888:519-556,0.15789473684210525,0.07894736842105263,0.02631578947368421,0.02631578947368421,0.05263157894736842,0.0,0.02631578947368421,0.07894736842105263,38,1
Q12888:290-332,0.11627906976744186,0.06976744186046512,0.023255813953488372,0.046511627906976744,0.09302325581395349,0.023255813953488372,0.06976744186046512,0.06976744186046512,43,1
Q12888:1188-1232,0.13333333333333333,0.08888888888888889,0.022222222222222223,0.044444444444444446,0.08888888888888889,0.044444444444444446,0.1111111111111111,0.1111111111111111,45,1
Q12888:1045-1103,0.13559322033898305,0.05084745762711865,0.05084745762711865,0.06779661016949153,0.06779661016949153,0.03389830508474576,0.05084745762711865,0.15254237288135594,59,1
Q12888:1622-1719,0.10204081632653061,0.01020408163265306,0.10204081632653061,0.08163265306122448,0.01020408163265306,0.08163265306122448,0.09183673469387756,0.08163265306122448,98,1
Q12888:346-507,0.09259259259259259,0.06172839506172839,0.018518518518518517,0.043209876543209874,0.06790123456790123,0.018518518518518517,0.05555555555555555,0.1419753086419753,162,1
Q12888:742-911,0.1588235294117647,0.07647058823529412,0.023529411764705882,0.06470588235294118,0.07058823529411765,0.07058823529411765,0.023529411764705882,0.07647058823529412,170,1
Q12888:1269-1478,0.06666666666666667,0.06190476190476191,0.08571428571428572,0.03333333333333333,0.023809523809523808,0.06190476190476191,0.14761904761904762,0.1,210,1
Q9UPT8:605-685,0.0,0.08641975308641975,0.0,0.0,0.0,0.024691358024691357,0.2222222222222222,0.30864197530864196,81,1
Q9UPT8:486-571,0.08139534883720931,0.011627906976744186,0.023255813953488372,0.046511627906976744,0.08139534883720931,0.046511627906976744,0.10465116279069768,0.37209302325581395,86,1
Q9UPT8:710-953,0.11065573770491803,0.06147540983606557,0.0860655737704918,0.03278688524590164,0.036885245901639344,0.05327868852459016,0.12295081967213115,0.13114754098360656,244,1
Q9UPT8:996-1288,0.034129692832764506,0.04778156996587031,0.05460750853242321,0.05460750853242321,0.03754266211604096,0.15699658703071673,0.11262798634812286,0.15699658703071673,293,1
Q9UPT8:1-388,0.1134020618556701,0.10051546391752578,0.12371134020618557,0.07474226804123711,0.020618556701030927,0.02577319587628866,0.14175257731958762,0.09020618556701031,388,1
Q9UQR1:299-336,0.07894736842105263,0.10526315789473684,0.02631578947368421,0.23684210526315788,0.02631578947368421,0.02631578947368421,0.05263157894736842,0.05263157894736842,38,1
Q9C0J8:568-1336,0.05071521456436931,0.04161248374512354,0.09752925877763328,0.011703511053315995,0.09492847854356307,0.02340702210663199,0.21846553966189858,0.2106631989596879,769,1
Q641Q2:621-664,0.09090909090909091,0.09090909090909091,0.045454545454545456,0.09090909090909091,0.09090909090909091,0.09090909090909091,0.045454545454545456,0.045454545454545456,44,1
Q641Q2:696-739,0.13636363636363635,0.045454545454545456,0.0,0.09090909090909091,0.022727272727272728,0.06818181818181818,0.09090909090909091,0.13636363636363635,44,1
Q641Q2:881-951,0.08450704225352113,0.11267605633802817,0.014084507042253521,0.16901408450704225,0.07042253521126761,0.028169014084507043,0.04225352112676056,0.08450704225352113,71,1
Q641Q2:751-838,0.11363636363636363,0.09090909090909091,0.045454545454545456,0.11363636363636363,0.045454545454545456,0.045454545454545456,0.06818181818181818,0.056818181818181816,88,1
Q641Q2:422-554,0.09022556390977443,0.12030075187969924,0.015037593984962405,0.11278195488721804,0.045112781954887216,0.06766917293233082,0.05263157894736842,0.09774436090225563,133,1
Q641Q2:202-405,0.18137254901960784,0.12745098039215685,0.05392156862745098,0.07352941176470588,0.0196078431372549,0.05392156862745098,0.08333333333333333,0.058823529411764705,204,1
Q641Q2:988-1206,0.0730593607305936,0.0639269406392694,0.0684931506849315,0.0593607305936073,0.0319634703196347,0.1324200913242009,0.091324200913242,0.1050228310502283,219,1
Q15061:583-677,0.3263157894736842,0.17894736842105263,0.010526315789473684,0.08421052631578947,0.010526315789473684,0.05263157894736842,0.05263157894736842,0.021052631578947368,95,1
Q9UDY2:1105-1190,0.09302325581395349,0.05813953488372093,0.09302325581395349,0.05813953488372093,0.08139534883720931,0.06976744186046512,0.05813953488372093,0.11627906976744186,86,1
Q9UDY2:408-506,0.1111111111111111,0.06060606060606061,0.10101010101010101,0.050505050505050504,0.030303030303030304,0.06060606060606061,0.030303030303030304,0.1414141414141414,99,1
Q9UDY2:152-306,0.07741935483870968,0.1032258064516129,0.2709677419354839,0.0,0.012903225806451613,0.04516129032258064,0.09032258064516129,0.07741935483870968,155,1
Q9UDY2:920-1079,0.13125,0.05625,0.04375,0.06875,0.0375,0.08125,0.05625,0.14375,160,1
O60287:1-38,0.05263157894736842,0.02631578947368421,0.10526315789473684,0.13157894736842105,0.05263157894736842,0.21052631578947367,0.15789473684210525,0.02631578947368421,38,1
Q5SY16:69-101,0.12121212121212122,0.0,0.09090909090909091,0.0,0.0,0.18181818181818182,0.0,0.24242424242424243,33,1
Q8WUM0:1-37,0.0,0.0,0.13513513513513514,0.02702702702702703,0.0,0.10810810810810811,0.1891891891891892,0.1891891891891892,37,1
Q13427:182-754,0.11518324607329843,0.06108202443280977,0.16579406631762653,0.16404886561954624,0.03664921465968586,0.017452006980802792,0.02268760907504363,0.034904013961605584,573,1
Q9BRZ2:371-484,0.13157894736842105,0.06140350877192982,0.07894736842105263,0.09649122807017543,0.11403508771929824,0.06140350877192982,0.15789473684210525,0.09649122807017543,114,1
P62995:242-288,0.0,0.0425531914893617,0.2553191489361702,0.0,0.0425531914893617,0.0425531914893617,0.2127659574468085,0.06382978723404255,47,1
P62995:1-114,0.043859649122807015,0.02631578947368421,0.2894736842105263,0.02631578947368421,0.008771929824561403,0.043859649122807015,0.05263157894736842,0.02631578947368421,114,1
Q96NB3:79-126,0.041666666666666664,0.08333333333333333,0.041666666666666664,0.125,0.08333333333333333,0.1875,0.041666666666666664,0.08333333333333333,48,1
Q96NB3:143-225,0.1566265060240964,0.07228915662650602,0.04819277108433735,0.060240963855421686,0.012048192771084338,0.04819277108433735,0.07228915662650602,0.10843373493975904,83,1
O60306:1419-1485,0.1044776119402985,0.04477611940298507,0.014925373134328358,0.014925373134328358,0.04477611940298507,0.14925373134328357,0.029850746268656716,0.14925373134328357,67,1
O15372:1-33,0.030303030303030304,0.030303030303030304,0.030303030303030304,0.12121212121212122,0.0,0.15151515151515152,0.2727272727272727,0.0,33,1
O15372:271-308,0.10526315789473684,0.02631578947368421,0.10526315789473684,0.07894736842105263,0.2631578947368421,0.0,0.02631578947368421,0.13157894736842105,38,1
