Uniprot ID,Log2(average_P/S)
Q8WUM0,10.3719059
P62917,9.667730185
Q8NFH3,9.605070654
Q9NVP1,9.56577111
Q8N7H5,9.189392865
Q8WUA4,9.121232927
Q8WVC0,9.007167546
P55884,8.62776762
Q9Y5Q8,7.997080103
Q13347,7.988217019
P55081,7.713330097
Q9UBU9,7.690744925
Q8IX01,7.650883269
O75643,7.646522622
Q8NAV1,7.631857951
Q9H269,7.601189815
O95400,7.600114167
Q6P158,7.576615417
Q9UJX5,7.574317933
Q5BKZ1,7.571874798
Q14764,7.545247933
Q9UPT8,7.53533844
Q9Y2X3,7.473817877
Q8WYQ5,7.399708309
Q9UNL2,7.379900088
Q96ST2,7.337887369
Q7L2E3,7.274471652
Q6PD62,7.243659825
P62995,7.215025918
Q96DI7,7.160440785
Q08211,7.125464573
Q96EE3,7.083656488
P04844,7.024761299
O94906,6.932295649
O00422,6.909666839
P57678,6.87361216
Q7Z4L5,6.774685793
Q14692,6.753332996
O15084,6.708057796
Q9Y580,6.684790045
Q96NB3,6.623796198
P62241,6.607333423
O60306,6.579393791
Q9GZS3,6.56161891
P62847,6.4820085
Q6P2E9,6.44130685
Q8N2M8,6.439891285
O43823,6.432182811
O75821,6.347950231
Q9Y5B9,6.305745435
Q8N8A6,6.29768881
P49711,6.284420178
Q6PL18,6.282902251
Q9HCS7,6.248818364
Q96T37,6.235886337
P49755,6.18857781
Q9Y2R4,6.181756253
Q9H1A4,6.16426282
Q9P2I0,6.162562039
Q9BUQ8,6.158647587
Q9P253,6.129239654
Q12873,6.067658336
O15372,6.035203649
O60287,5.996913014
Q6UXN9,5.991377624
Q8N201,5.987726783
Q99666,5.95789318
Q99575,5.953417064
Q9UKM9,5.952128702
P52948,5.951125767
Q9UHI6,5.933773912
P21980,5.922615813
Q15024,5.874967458
O15371,5.783198418
Q99613,5.748308161
Q9BQS8,5.735156249
P57740,5.733804791
O00566,5.712470875
O43290,5.678139298
Q13033,5.665068733
O94851,5.638583001
P61026,5.619665392
Q8NBZ0,5.592694237
Q13427,5.581335602
Q86Y91,5.578676118
Q5SY16,5.572704729
Q9Y312,5.56809687
Q9Y5S2,5.543621451
P62314,5.533063098
Q9HCE1,5.485040768
Q15061,5.467272494
Q96LT9,5.464040596
O00267,5.45492474
Q08379,5.452521806
Q9Y5Q9,5.449567807
P0C1Z6,5.427746886
Q12769,5.424719518
P04843,5.421147598
Q641Q2,5.415683232
O43172,5.405116802
P39023,5.39756884
O75962,5.396026083
P52756,5.380174045
Q9UDY2,5.377833295
Q9Y291,5.376532745
Q9NUL3,5.344125635
Q8NI35,5.330398439
Q5VYV7,5.317009191
Q9BZJ0,5.313086467
Q6UB99,5.306206286
Q5T5X7,5.304751662
Q9ULU4,5.304407615
P37275,5.303415704
Q96N67,5.293539205
Q7KZ85,5.288292561
Q9C0J8,5.26498921
P82675,5.243262329
P35240,5.225879458
O75494,5.221141231
P18621,5.198381503
O15160,5.196320118
Q9BZK7,5.190541461
P22087,5.151791132
Q9UKV3,5.142542851
Q13247,5.132129606
Q96S97,5.13107826
Q12797,5.125680271
Q14137,5.108571945
Q15393,5.105288558
O60832,5.077610753
Q8NEW0,5.074901847
Q9NXC5,5.074095477
Q6UWZ7,5.063538641
Q08170,5.05888041
Q8NC60,5.05262875
Q9NVM9,5.045260445
Q9UQR1,5.042148817
Q86U38,5.037565499
O95810,5.025769641
Q12789,5.008173437
Q9BRZ2,5.004536743
Q9NPI6,4.998136535
Q12899,4.986974958
Q12888,4.9806978
Q96S52,4.974267287
Q8IU60,4.965455924
Q16576,4.959261157
P46776,4.951867789
O43719,4.943306664
O00767,4.939614716
O95819,4.926007496
Q6NW34,4.925466462
Q1KMD3,4.923609665
Q9BYW2,4.920696087
Q15287,4.915231489
Q9UHB9,4.911840125
Q08945,4.906820886
P53618,4.897521573
Q16795,4.879690708
Q86X10,4.854611868
Q9NXF1,4.853990763
Q92889,4.845035633
Q9UBB9,4.843068663
Q9BZH6,4.823441852
O95613,4.819893339
Q96G21,4.81546162
Q12800,4.807429031
Q5VZL5,4.802421157
P17028,4.794051365
Q96RL1,4.787443261
Q9NQV6,4.77544371
A1L0T0,4.770237758
Q00839,4.760122118
Q9H0A0,4.758409491
Q9HC78,4.748608208
Q8TD26,4.72742142
Q4G0J3,4.720463559
Q3B726,4.717075568
Q96Q89,4.713311774
P84098,4.696980518
O75165,4.693868337
Q9BUJ2,4.693317008
Q99728,4.692250201
P51571,4.692109047
Q9H583,4.691827079
Q15573,4.684368315
Q9P0U4,4.675149571
Q9NU22,4.67374617
Q96R06,4.660017294
Q9H8H0,4.64751048
P62249,4.645241806
Q9H6F5,4.643787735
O60783,4.63528086
Q9Y262,4.630243832
Q9H4L4,4.628193036
O95365,4.616356788
P51991,4.607506458
Q9NWB6,4.60093255
P61019,4.593294988
Q8NEZ3,4.589308155
Q96JI7,4.582266582
Q9UL25,4.576711539
P36578,4.566871755
Q9HCG8,4.56011326
P46781,4.538313721
Q8NEY8,4.535499885
O00327,4.532205679
Q9GZR7,4.527065876
Q8N3X1,4.521539539
Q9Y6A4,4.521141683
Q66GS9,4.511021137
P07910,4.4888395
Q9UKF6,4.487034383
P46821,4.478573477
O95926,4.471491414
Q6UN15,4.468446363
O75386,4.465150068
Q9H792,4.463673525
Q5VWQ0,4.453026857
O15258,4.442305771
Q99996,4.427623834
Q63ZY3,4.422358103
P98175,4.420448778
O15027,4.415639927
P46777,4.41048595
P52434,4.41000916
O76094,4.403853288
Q92610,4.398495576
O95248,4.397848324
Q9UBL3,4.397800582
Q9P0V3,4.395287583
P62266,4.382038008
Q6NZY4,4.381530335
P30876,4.376545508
Q969T9,4.368582434
O75436,4.364015935
P28370,4.359297679
Q13151,4.355291921
Q6PI98,4.352834957
P24928,4.349298994
P48729,4.348286334
O60293,4.345794591
P35606,4.340137614
Q9BW83,4.337790029
O95707,4.334649994
P83731,4.332297797
Q8NCG7,4.316747657
O60231,4.304508724
Q92769,4.279670132
P46736,4.274028893
Q06265,4.265508363
P62269,4.264565771
Q75QN2,4.259476332
P49756,4.250869798
O14893,4.23863275
Q10471,4.226535386
O43660,4.217343443
P41212,4.216527702
Q5VUA4,4.208781945
P82921,4.203491576
P62701,4.195330371
Q8WVB6,4.195115766
Q9BU76,4.189608673
Q9UJV9,4.187096583
P30260,4.176698016
Q5BJF2,4.165669383
P24390,4.165248276
Q6PCB5,4.162692566
Q8WU76,4.157482227
Q8IWA0,4.147815575
Q15459,4.144627918
Q2NL82,4.115399382
Q13547,4.114898794
Q14146,4.112262389
Q6NZI2,4.10703637
O75533,4.104818593
Q96MX6,4.101959924
Q9ULR0,4.094866621
Q7Z5Y7,4.078257131
Q9BTC8,4.075047148
O75461,4.072310018
Q9UMN6,4.070314739
Q96RT7,4.069192949
Q8NEJ9,4.060597314
Q9NWV8,4.054608098
Q68CQ4,4.05457737
P08572,4.049339007
Q8N6F7,4.022681143
Q9NYP7,4.006708901
Q5JRA6,4.004340111
Q9NR30,3.999387226
Q14257,3.997354619
P15880,3.996019339
P49207,3.99440228
Q9Y2K1,3.987995479
P82094,3.978837273
Q8TEW0,3.973170254
Q5T1M5,3.970748677
Q6IN85,3.965612007
Q9BXF6,3.955529742
P62280,3.955260874
P55196,3.946150428
Q8WXD5,3.938875168
Q9BWU0,3.924004468
Q969F1,3.92086896
Q13796,3.920343031
Q99814,3.906424876
P49454,3.90494164
Q8TCT9,3.89991142
Q8TBA6,3.897743618
P61353,3.882874211
Q9C0K0,3.882174004
P54278,3.876735626
Q86VM9,3.872368463
O76021,3.863203264
Q07864,3.862068961
Q15650,3.857158401
P09651,3.854679243
Q8NEM2,3.851692677
Q9BXP5,3.847337288
Q9UKQ2,3.841815357
P78316,3.83926361
P82650,3.828704098
P19447,3.823548915
Q9NY93,3.817044055
P27708,3.816081352
Q96DF8,3.813054579
Q8IZL8,3.811829982
Q9BXP2,3.811671777
Q9NZB2,3.811104597
Q9Y2T2,3.796750541
O60264,3.779160747
Q8N567,3.777913956
O00743,3.774316505
Q96DT7,3.773694421
Q96AQ6,3.77092946
Q9Y2P8,3.750679159
Q7Z7H5,3.750021284
P61254,3.74933578
P61020,3.745423505
Q92614,3.737384371
Q9H9Y6,3.736636696
Q15029,3.717992023
Q8IWI9,3.710107541
Q9UKN8,3.696988142
Q13724,3.689684518
Q9Y678,3.669498991
Q9UG63,3.667972504
Q9BW27,3.666420015
P09132,3.664360434
Q49AG3,3.662624666
Q13435,3.660025401
Q9UMS4,3.658528154
O75691,3.646485567
Q9UJX6,3.635838782
Q9H4L7,3.634898705
Q96EZ8,3.629688787
Q86T03,3.623964048
O00712,3.621737744
P20340,3.613606711
Q8IWZ8,3.604164913
O95470,3.603431924
O94915,3.60096935
Q9Y450,3.599644806
P02751,3.593974084
P48730,3.589295023
P31689,3.588298223
P61803,3.586992099
P21127,3.579063806
P53621,3.564840844
O15127,3.555346108
Q5JTH9,3.545723648
Q8TBQ9,3.53657497
P55265,3.533085971
P46779,3.526877376
Q9Y2L9,3.524693785
Q8TDM6,3.52275146
Q08378,3.522432234
P61619,3.521113118
Q07020,3.519643662
Q53GS9,3.516762576
Q8N766,3.514759095
Q3L8U1,3.510392153
Q14202,3.506911285
Q5T653,3.497852323
P08621,3.493504623
Q8IYB3,3.491688563
Q63HN8,3.477856477
Q02241,3.474768445
Q15910,3.46831722
Q96E39,3.460042525
P12107,3.454561831
Q7L014,3.453488963
P46782,3.445292978
Q9NRL3,3.438833397
P78362,3.435199122
O15042,3.431268649
Q9ULG1,3.417100347
Q09028,3.415222576
Q8IY92,3.412847743
Q9HCK8,3.404080153
Q9UBV2,3.40268092
Q9UM13,3.39757677
O94762,3.379448431
P62891,3.372762439
P05997,3.366224897
Q9Y6X9,3.363015189
P62753,3.36204181
Q14155,3.360224497
P29375,3.356779619
Q99715,3.352966427
Q8IY81,3.351317983
P20339,3.351276954
Q15424,3.351056591
Q9UJX2,3.349472933
Q03111,3.347984387
P22626,3.340134316
Q9BYG3,3.336003967
Q86U86,3.332115851
O43752,3.324904745
P55072,3.323129728
Q9BTU6,3.313172166
Q8TAD8,3.310630185
P61927,3.306655759
Q10570,3.306394048
P11277,3.303458228
Q53T94,3.295935459
O75717,3.294919668
O75915,3.294611541
Q8IUE6,3.292757918
Q9UGN5,3.292089574
P51532,3.290106803
P42285,3.283799557
Q9UBB5,3.283754792
Q9NVU7,3.279588439
Q9Y5V3,3.277722199
Q9NRW3,3.276736561
Q13426,3.263108599
P82933,3.262624403
Q8NCH0,3.25839152
Q96GQ7,3.254960227
Q6P1J9,3.244768221
P27635,3.24467099
Q9UEU0,3.24080667
Q9BTC0,3.235991919
O60841,3.235770669
Q8IWX8,3.228601477
Q9NP72,3.226433995
P49792,3.222008572
P11387,3.208040653
Q96RT8,3.204654484
P43243,3.203106546
Q93008,3.201494561
Q14498,3.197687947
Q14151,3.193162283
O15446,3.19162103
Q07955,3.189491763
Q53HC9,3.189408542
O95602,3.18819379
P52739,3.188186409
Q9P1Q0,3.18781297
Q13042,3.187719733
Q13488,3.184726706
Q92804,3.18129404
Q96IZ7,3.169576675
Q69YH5,3.169451285
Q9Y2U8,3.163805552
Q9NRP0,3.159762787
P62068,3.156254575
P31942,3.155398848
Q9Y676,3.151424996
Q14534,3.150193081
Q13242,3.144412067
Q14839,3.143953711
Q8N5C6,3.142535368
Q9Y666,3.139238214
Q12907,3.136976734
O15226,3.122590496
Q5UIP0,3.122529434
Q9NVJ2,3.121613347
Q70UQ0,3.117161466
P38398,3.10012642
Q8N1G0,3.099122782
Q9H5J8,3.085669304
Q9Y6X4,3.083750102
P62820,3.073243784
O95391,3.070218563
Q6P2Q9,3.060901265
P42345,3.058495819
Q86W92,3.057620362
Q13888,3.046629272
Q9HAU0,3.03746599
Q6PJT7,3.031613977
Q9NXW2,3.03039816
Q9UIG0,3.02979868
Q96I25,3.027064212
Q13045,3.026241762
Q14318,3.018514877
P82930,3.017998772
Q9UEY8,3.014848543
Q13227,3.013520743
Q13523,3.009115218
P62841,3.006469716
O15155,3.001618207
Q9NPA0,2.995292046
P38159,2.995153318
Q969X5,2.985710436
P62899,2.985674224
Q16629,2.963669247
Q8NHQ9,2.96014311
P61964,2.959211515
P61513,2.949062477
P62277,2.948350707
Q9NY27,2.948028507
Q96KC8,2.94455107
O43854,2.941229508
O15550,2.93883996
Q92665,2.927149582
Q01831,2.92397588
Q9GZM5,2.922992868
Q92620,2.919900873
O95251,2.919019388
Q96QE3,2.915837016
O43390,2.915410365
Q6KC79,2.908014431
O95793,2.902093836
Q86YP4,2.900938968
Q3T8J9,2.900506533
P43307,2.899376108
Q8NFH4,2.897993373
Q14966,2.889403267
Q9UNK0,2.886686488
P82673,2.885826284
Q14789,2.883771923
P18085,2.879823313
Q99959,2.878088505
Q15125,2.875755734
Q8WUQ7,2.874700758
Q9UJX4,2.873795384
Q9BSJ8,2.873148017
Q9UJX3,2.87078117
Q9HCE3,2.866775763
Q9NQT5,2.862930195
Q9NY61,2.852175741
O75530,2.849615597
Q96CW5,2.845656633
Q8IXT5,2.840791139
O95218,2.83439726
P51149,2.824467323
Q6F5E8,2.823228043
P35222,2.822103002
Q8NHU0,2.821903701
P62851,2.82035115
Q9HCI7,2.817322214
O43143,2.815935318
Q9UJW0,2.805996803
O60942,2.793964136
Q9UL03,2.7905315
Q9Y3X0,2.788891467
Q9Y485,2.786672552
P60006,2.786029931
Q68CZ2,2.785271421
Q9UQ35,2.785191867
P25440,2.780474725
Q9Y232,2.779898938
Q6PKG0,2.774997392
P62913,2.772727925
Q9NW64,2.771725529
Q92538,2.76629734
Q15005,2.763231423
O95644,2.760321506
P04439,2.756840087
Q5VT25,2.749860287
Q13144,2.749535261
P62263,2.749226751
P21675,2.743375841
P50402,2.741827608
Q9H089,2.726535207
Q9NPF5,2.721326161
P11388,2.71523827
Q8NB90,2.709380689
Q13206,2.707232144
Q9Y4B6,2.705770734
Q9HAU5,2.702744292
Q96BT3,2.702597959
Q9NUA8,2.694622158
Q5T3I0,2.690074963
Q92466,2.687654742
Q6P2H3,2.687051373
Q96SY0,2.685693133
Q9H7Z6,2.684606188
Q13425,2.675246727
Q8WVC6,2.674919213
P17844,2.67438169
Q7Z6E9,2.665169347
P27824,2.663969015
Q14677,2.661420112
Q96II8,2.64861823
Q8N3P4,2.648092334
Q96GD4,2.64303699
O15126,2.640970533
Q9UBQ5,2.636018824
Q96MU7,2.635459639
Q9Y4C8,2.633168389
P46939,2.628733088
Q9BVP2,2.627649611
P51153,2.626343868
P17858,2.616573773
O95983,2.615090609
Q92797,2.614161228
O60499,2.612579023
Q7RTV0,2.60958835
Q8TEQ6,2.605541464
O14950,2.602049729
Q96EY7,2.599987951
Q9ULM3,2.596278703
P08708,2.593228144
P05023,2.58939096
Q9C0F1,2.58791992
Q07065,2.584479862
P62424,2.57952948
O43815,2.570965908
P11166,2.559413387
Q9UHN6,2.557607402
Q8NI27,2.55737779
P51531,2.545309621
O14579,2.543833937
O00571,2.538304029
Q92900,2.536732854
Q14676,2.533567316
Q2KHR3,2.524867027
Q92974,2.523885985
Q6P4R8,2.523585296
P39019,2.510655004
Q8N680,2.510162065
P49257,2.50805562
P23508,2.507370098
P62861,2.503639621
P08237,2.494903555
P05141,2.485802863
Q9NYF8,2.477326887
Q8N357,2.475368308
Q8TED1,2.474364058
Q9NXZ1,2.470577812
Q9Y657,2.464469928
Q9UPT9,2.463208723
Q9HCD6,2.45544572
P29317,2.449647032
Q9NXE4,2.448970991
P82664,2.444509434
Q9BQG0,2.442919252
Q75N03,2.437698186
O75534,2.43730354
A1XBS5,2.432940842
Q9H307,2.431304092
Q8TCJ2,2.429980831
Q96EV8,2.415605919
Q96EV2,2.41373322
P13861,2.409426587
Q13535,2.405698634
Q9UK61,2.404446959
Q9Y2F5,2.403203056
Q9P2K8,2.402704214
P60228,2.400821223
Q8NCY6,2.396076958
P07992,2.380839623
Q12857,2.371413481
Q86X95,2.366692281
P35268,2.362925416
Q71F23,2.362000668
Q9Y618,2.361465655
O00311,2.355513163
Q9P2D1,2.350474374
Q9NYH9,2.345754283
Q9BVI4,2.345490333
P51809,2.333785248
P84103,2.329831548
Q9NYV4,2.323598028
P54277,2.323412923
O43491,2.32249913
Q15020,2.322265108
P61011,2.319472925
O95684,2.317064512
P78559,2.315868733
Q5SW79,2.315695965
Q6NT76,2.315121252
Q86UT8,2.309215335
Q8WX93,2.307507657
Q08AF3,2.303434936
Q8IUD2,2.293605276
Q9Y4E1,2.293295749
O95562,2.286373273
O43242,2.278387038
P19387,2.277845417
Q14160,2.273252867
O15523,2.270892891
Q8N2K0,2.262702589
P0DPB6,2.262041733
Q01780,2.256455077
Q9NWH9,2.255894966
Q9NSC2,2.246933403
Q86TB9,2.245901117
Q9UMZ2,2.24143657
O95249,2.232935114
Q9C0C2,2.231897225
Q9BXU1,2.230037565
O95159,2.216723029
Q12981,2.214889882
Q68DK7,2.213253113
O14662,2.21099308
P20700,2.20773092
P48444,2.204193662
Q13342,2.203753797
Q8IVL5,2.203027286
Q7L2H7,2.202910963
P52701,2.199680194
Q14331,2.199453039
Q13428,2.198888179
Q15291,2.197751623
O75054,2.188909322
Q9UN86,2.188549656
Q9BQ04,2.181792217
Q9BYD3,2.178395457
P61204,2.177486245
Q8N9N2,2.171425661
Q96JC1,2.16970389
Q6Y7W6,2.169556166
P53350,2.168870856
Q8WXI9,2.16494719
Q9NW38,2.164439367
O95070,2.160938767
Q69YN4,2.160784081
Q658Y4,2.153085723
Q8TAE8,2.144693653
Q9Y4X4,2.14165131
Q71UM5,2.140182536
O94822,2.136671778
Q9Y4C2,2.132785228
O95243,2.12662331
Q13573,2.107028825
Q9Y4E6,2.10393075
Q96QE5,2.095539658
P51148,2.094640511
Q9UGR2,2.092761279
Q16531,2.083577087
Q9GZL7,2.082249954
P18031,2.077830808
Q9Y2X7,2.076845948
Q9NNW5,2.074612878
Q9P1U0,2.070066119
P17480,2.065738411
Q96SB3,2.061145468
P40692,2.057112553
Q99755,2.054587239
O94854,2.050570367
Q9BVK6,2.043183269
O75525,2.038637799
P98160,2.037010328
Q99808,2.028655695
Q9P0S3,2.027845468
A2RRP1,2.026417191
P52747,2.024315162
Q86YQ8,2.010744272
Q8IWZ3,2.010279371
P20908,2.009278467
P25398,1.999509453
Q6P5R6,1.999147165
O75616,1.995677042
Q9UNQ2,1.993558805
P49902,1.993061728
Q14669,1.992811487
Q13617,1.990559681
Q5SSJ5,1.984290845
Q8N3U4,1.975047159
Q99549,1.972479104
Q5VU43,1.968187073
Q9H270,1.96609178
Q86W42,1.962312636
Q2TAY7,1.961838041
Q9UKT4,1.960619023
Q14192,1.958123933
Q96B26,1.956247568
Q8WVV9,1.948801815
Q8TER5,1.943734959
Q9UPN7,1.936337563
P68400,1.931532513
Q9H0H5,1.931033009
Q9H8G2,1.930555582
Q53R41,1.926981584
Q14807,1.926033398
Q9UKM7,1.919403175
P18077,1.917603376
Q6ZNL6,1.917236047
Q9NTI5,1.917157331
P61218,1.91644104
Q86XI2,1.915407017
Q9P0L0,1.907581155
Q01196,1.906953883
Q02880,1.905124033
Q9NVR2,1.897717348
Q86UU1,1.890697071
P26368,1.887551853
Q9BYJ9,1.883378245
Q09161,1.881617031
Q96CS3,1.880632555
Q15428,1.876977886
P42766,1.876166579
Q9P2D3,1.871614403
P42167,1.865284178
Q9H9A7,1.860621105
Q8NAF0,1.859020542
Q9H9Q4,1.855100462
P42677,1.852434282
Q969R5,1.835632992
Q9Y4A0,1.833810506
Q5VUJ6,1.833174282
Q9UHR5,1.830938332
P61247,1.830424612
Q9BVQ7,1.830102694
Q6P9B9,1.829193115
O75427,1.826644602
Q9UPR3,1.823851783
Q7Z5K2,1.823148027
Q86XL3,1.821483094
Q14186,1.807300471
Q13043,1.793932968
Q9Y5A9,1.784144733
Q9UKB1,1.780171962
Q5SVZ6,1.775989067
Q96DV4,1.772869343
Q14781,1.765503056
P62854,1.764856057
Q9H0D6,1.76265664
O15083,1.758717429
P62244,1.74880715
Q14978,1.746516195
Q9H9J4,1.745119082
Q9Y448,1.745057442
O95573,1.737981632
Q9UER7,1.736805525
P19388,1.735931232
Q9NZN5,1.733736491
P60660,1.732550049
Q07666,1.728015493
Q12768,1.726813822
P42695,1.726424988
Q15477,1.724884256
Q99653,1.72219208
Q6WCQ1,1.718733282
P10244,1.717010839
O94776,1.708129722
Q99417,1.705923328
P55795,1.700118434
Q9Y399,1.696328767
P11717,1.695149734
Q9BYN8,1.69210432
Q9NSV4,1.690654216
Q8TAG9,1.689635368
Q96Q15,1.689087732
P84090,1.687907736
P33993,1.685989358
O14653,1.68311272
Q8N9N7,1.679014779
Q5SRE5,1.675122474
Q13257,1.670807019
O75564,1.668619022
Q92618,1.668517458
Q9P013,1.667925477
Q15427,1.664448931
Q92890,1.662921817
Q12824,1.661201769
Q86U42,1.656093182
P35579,1.653684228
Q86UE4,1.65232087
Q00577,1.644434907
Q3ZCQ8,1.643584494
P78345,1.64152549
Q6PCB7,1.640021111
P18583,1.636720869
Q96AP0,1.6244913
P60059,1.62291482
P05783,1.620019897
O75822,1.617968905
P60510,1.617679501
Q96AJ9,1.615607653
O43169,1.6124107
O00303,1.609959126
Q8NDX5,1.607560393
Q9ULD4,1.606502315
Q8TA86,1.596128438
O00411,1.594822498
Q8WWY3,1.591079682
P55199,1.570554677
Q8N531,1.568833745
P01889,1.563378128
P27694,1.562587836
O00461,1.559984364
Q8N5A5,1.55544385
Q9NVN8,1.55458501
Q9H501,1.554498878
Q5H9R7,1.553628095
Q9Y3D3,1.5494251
P49406,1.545341766
P61224,1.54148759
O75179,1.540070144
Q9H3N1,1.537512658
P54274,1.535072874
Q99459,1.532328164
Q9NP61,1.532275774
P08579,1.521762657
Q92979,1.518861621
P57088,1.516957402
Q2TAK8,1.512103525
Q9Y3F4,1.511526461
Q9NVH2,1.510979472
Q8NG31,1.510379604
Q8WYK2,1.502690596
P83876,1.500200223
Q7Z3K3,1.498927712
Q9ULL5,1.497643956
Q8NDT2,1.496533491
Q92993,1.494980131
Q13356,1.488892658
P08240,1.487122107
P51398,1.484586829
Q96QR8,1.478466035
Q9NY12,1.475778395
O60941,1.473867999
O75400,1.473001393
O75369,1.472966177
Q9Y5K5,1.471563641
O43395,1.463197804
O00255,1.452824993
Q92785,1.451056799
O43156,1.449059522
Q6PJG2,1.446142483
Q14566,1.444561918
Q9BQ67,1.442880663
Q9UIQ6,1.442114806
O75122,1.437513664
O75818,1.425549002
P60468,1.421432431
Q2M389,1.42130774
Q9Y6V7,1.419475979
Q14241,1.418138942
Q969S3,1.411870163
Q9Y5U2,1.411799743
O75934,1.411678447
Q96MY1,1.410835103
O43663,1.410703592
Q14207,1.410576547
Q96AH0,1.409147277
Q86V81,1.407458364
P33992,1.403426567
Q9H8M2,1.399502961
P40939,1.396522106
Q13188,1.389947346
P61923,1.386661877
Q9Y2R5,1.382952064
P25205,1.37774558
Q9NRL2,1.37769084
Q10469,1.376409607
P53814,1.370312826
P33991,1.369862704
Q9BZL4,1.367212995
Q8N3R9,1.366838949
Q8WXH0,1.365293278
Q96HY6,1.360465773
Q13769,1.360242004
Q5BJF6,1.346634311
O43684,1.340578397
Q9C0B0,1.340507317
O60341,1.336371695
Q14152,1.333151229
Q14683,1.332496517
Q8IVF2,1.330622238
Q9Y240,1.325696234
Q96PK6,1.325241925
O95486,1.324638206
Q68DK2,1.3210571
Q16670,1.320122854
O75396,1.318761216
Q08431,1.314898758
Q8IWR0,1.313987291
Q96AX1,1.31069645
A0FGR9,1.308941247
Q5T8P6,1.305572361
Q9H160,1.305198669
Q9BYE7,1.304909807
Q9UKK3,1.303331972
Q86T24,1.302442652
O95239,1.293967072
P14866,1.293159573
P49411,1.28324734
Q14739,1.280981652
P25490,1.278618851
O00567,1.273550092
Q9H0S4,1.269842988
O43829,1.261162889
Q92766,1.25776836
Q96CW1,1.256543226
P61586,1.256476585
O14617,1.252222733
Q8NBX0,1.251894427
Q96N11,1.250869644
Q9H7N4,1.247971498
Q96HS1,1.243404745
Q6NUQ4,1.235086268
Q9GZS1,1.233826897
P84243,1.227742973
Q6ZUT1,1.218886474
P62805,1.218248896
O43760,1.217022474
P62826,1.21632371
O00139,1.213398108
Q86Y82,1.213121543
P68871,1.206327885
O60573,1.206317739
Q96JM3,1.204651609
Q96F07,1.204291215
Q15131,1.192581908
Q5F1R6,1.182616108
Q96CB8,1.180844269
Q32MZ4,1.1788565
P78527,1.169088069
Q9UNF1,1.166808272
Q9H3Q1,1.164398531
Q9BU64,1.163117122
Q9NQC3,1.162783252
O75955,1.149348131
O96028,1.149043659
O00425,1.148589979
P98179,1.144017862
P55735,1.143864776
Q4KMP7,1.134908293
Q9BYD2,1.134101855
Q15907,1.133560674
Q01650,1.130090823
Q6NXR4,1.128507656
Q8N5K1,1.126614369
Q8IX12,1.121361393
Q05193,1.1103729
Q9Y2Q9,1.10852052
Q8IZD4,1.107918959
Q9NPI1,1.097818019
Q04637,1.090821646
O95487,1.084674535
Q15836,1.083786037
Q01130,1.07116324
Q8WUD4,1.066964174
Q92759,1.064970466
Q13136,1.063674827
Q2VPB7,1.063209779
Q13283,1.062850241
Q4W5G0,1.06255796
Q96AG4,1.060390092
P49768,1.058902199
Q9NUQ7,1.056756503
P62829,1.055817716
Q8N2G8,1.054631178
O14578,1.052436098
Q9GZN7,1.052289094
Q05397,1.048684816
O75569,1.048590232
P78347,1.046085936
Q15043,1.046062473
Q969N2,1.045836324
Q92520,1.039136014
Q8IY18,1.039055254
Q9BQE3,1.038834782
O43347,1.038344024
Q9Y3E0,1.026446087
Q9UGU5,1.024558219
Q8WWC4,1.022770977
O95639,1.01962998
Q13637,1.017224477
Q9HC52,1.016881962
Q9BXW9,1.016404756
Q13509,1.016393498
Q15599,1.014824715
Q9Y2D4,1.010316918
O43295,1.008496479
O95232,1.00839386
Q96JP5,1.007676792
Q8NI36,0.99683565
Q6P1X5,0.996726425
P68371,0.994566182
Q8N5Y2,0.994460031
Q86Y07,0.988878623
O00192,0.98828737
Q86WA8,0.987410278
O60563,0.984832065
O75925,0.981546478
Q9BUL5,0.973137439
Q9BSI4,0.968658367
P38432,0.96521859
P04350,0.964908962
Q15542,0.964087139
Q9P291,0.963626951
Q9GZQ8,0.963512262
Q00587,0.960920005
Q9BSR8,0.959743269
Q8N3E9,0.959129483
P62906,0.957700268
Q96QC0,0.95095972
Q8TBF4,0.950590648
Q9Y6X8,0.950322037
Q6SPF0,0.949986756
Q93063,0.942434197
Q9BPW8,0.93990838
Q9Y3E5,0.937545679
O00203,0.934123604
Q659A1,0.933959704
Q13243,0.931383283
O15269,0.93093635
Q96SB4,0.926920041
Q8N5L8,0.916899375
Q8WVM0,0.916810137
Q15149,0.916641335
Q96T88,0.909240004
O14936,0.905567185
Q9NRR5,0.902682316
Q92552,0.901955331
Q9UKX7,0.901672782
P11233,0.900590628
Q9H4K7,0.898204355
Q96EK4,0.895538533
P49736,0.895515952
P56282,0.892620099
Q02818,0.892484982
Q9UKK6,0.890641397
Q16880,0.889559495
Q71U36,0.874705552
Q96SZ6,0.871842554
Q16563,0.871637329
Q6ULP2,0.868358874
P43250,0.867926216
Q8NFD5,0.86442016
P21333,0.862192832
P51825,0.861265796
Q13131,0.860081731
Q03001,0.856498198
Q99590,0.855818175
P63000,0.85579556
Q92841,0.855122232
P35269,0.854504978
O43264,0.854235051
P53675,0.85404835
O15400,0.853949755
P62888,0.853183136
Q14161,0.852836975
Q15904,0.841753445
Q9NYZ3,0.837536249
O60704,0.834877239
Q9NVC6,0.829244113
Q15554,0.828315963
Q52LR7,0.827943985
O43299,0.819235508
P17612,0.819055572
Q8IV63,0.817437876
Q13268,0.804445363
P61106,0.801211931
Q9Y5M8,0.800422344
O75394,0.800324845
Q14197,0.80030387
Q14315,0.7998178
Q7Z794,0.798712365
Q8NHM5,0.797847578
Q9BSF8,0.795492068
Q9NQ29,0.791386087
P08754,0.78373678
O15047,0.782798154
Q8N442,0.780782531
Q3KQU3,0.778071835
O15379,0.775144853
Q9BQC6,0.771738816
P07437,0.769740159
Q8NBQ5,0.766488435
Q8WYP5,0.765494261
Q13409,0.764381516
Q9BZE1,0.760737422
Q9NPD3,0.760006583
Q92576,0.751272928
Q9BT40,0.748212865
P50281,0.744842005
P0DPH8,0.744162328
Q9Y613,0.74163473
Q8WWW0,0.740151849
P62273,0.737900271
P02786,0.736936156
Q16777,0.736877448
Q9ULW0,0.7365385
P52298,0.732336567
Q5VU65,0.731238855
O75694,0.730711499
Q9P2W1,0.729053533
P12956,0.724228652
Q6NUQ1,0.722220453
Q9BVJ6,0.71964674
Q6QNY0,0.710444096
Q9BW66,0.706232338
Q8IXK0,0.70182557
O75817,0.701533407
Q9UNN5,0.700415485
P18615,0.699309195
O75528,0.698865603
Q13148,0.69882603
O43396,0.698575937
Q9Y3B4,0.689824198
Q9Y2W1,0.685881135
Q8N0V3,0.679028434
P46783,0.677476175
O75676,0.676746213
Q9H0V9,0.675209843
P62879,0.672061566
Q9Y483,0.671377666
O60716,0.6698072
P38919,0.658069844
P48634,0.656849247
P32969,0.652664104
Q9HCH0,0.650576389
P20338,0.641825464
Q96QD8,0.634385372
Q9UBW7,0.629304307
Q86TJ2,0.624988882
Q99943,0.623709911
Q14119,0.617743918
Q9P1Z2,0.614716127
Q8WUF8,0.61418289
Q86WJ1,0.610328649
P29084,0.609553586
P62330,0.603292172
Q8IYB8,0.601097774
Q9Y4A5,0.594579623
P35250,0.591113435
O14972,0.586691685
P51608,0.585427183
P19784,0.58377731
O43251,0.582976494
P02452,0.582124225
Q9BUR4,0.579861774
P40938,0.573829215
O75190,0.573346801
Q9Y266,0.571224737
Q9BVA1,0.567667643
Q8WUB8,0.565691862
O75127,0.565022331
P08651,0.56228816
Q9NPA8,0.561790532
Q9UL40,0.560830563
Q9NP64,0.558110272
Q15022,0.55809594
Q9UHQ4,0.553309733
Q562R1,0.550594344
O00264,0.547470673
Q8NBZ7,0.540315233
A6NHL2,0.538831426
Q9Y3D9,0.538281239
P31943,0.536551013
Q9GZR1,0.531612685
Q9NS73,0.531472474
Q99501,0.526634387
Q14694,0.526342657
Q9BX40,0.525167495
P24821,0.522717515
Q4LE39,0.520520304
Q9UHB6,0.518338608
Q9UMX0,0.517274503
Q8IXB1,0.516051143
Q8NEF9,0.502924825
P84022,0.500846172
Q9BXS5,0.490484009
Q5VTL8,0.48878879
P19338,0.488782437
Q6ZRS2,0.48722623
O75152,0.483822734
Q7Z2W4,0.483164487
Q9BV73,0.482207187
Q92540,0.480173042
Q05BQ5,0.475714304
Q9NVV4,0.46077176
Q12906,0.459589313
O43513,0.459222811
Q9Y6D9,0.458712879
O94992,0.455095244
Q86Y79,0.454190527
Q9UHB7,0.448761521
P62081,0.44655544
Q9UPN4,0.44624646
Q14247,0.445683238
O15173,0.440528704
Q01813,0.439024599
Q9NUU7,0.437972331
P54132,0.43036578
Q96QA5,0.430044943
Q9HDC9,0.428758711
Q03252,0.427600165
Q7Z4H7,0.426975779
P40937,0.416763942
P04899,0.41347919
Q9H0U3,0.410407671
Q9Y3A3,0.410327993
P07305,0.405081645
Q96GM5,0.402563741
P04156,0.401604357
Q02224,0.400863952
P20645,0.397366577
Q92542,0.395813556
Q9NSK0,0.394000008
Q9BPX6,0.39396665
Q5QJE6,0.392327997
Q9BUZ4,0.390997466
Q5JTV8,0.390931478
Q8N2W9,0.387280086
P08670,0.385430856
Q96PN7,0.376867205
Q06587,0.367101169
Q16778,0.36474487
Q6P1N0,0.363974119
P63272,0.358964377
Q9BWF3,0.357680924
P35613,0.349199967
P11021,0.341989741
P78346,0.339826216
Q9UJK0,0.335673191
Q7Z4V5,0.333534095
Q15911,0.331534493
Q8WY22,0.32883353
Q92733,0.328623202
Q6R327,0.325666551
Q9BQ75,0.324761945
Q02809,0.322226969
P20930,0.320690691
Q86X51,0.318739533
O14672,0.318670854
Q9UL26,0.314170475
Q96NL6,0.313033566
Q9NYY8,0.312972574
Q96ST3,0.307997492
Q9UI10,0.30774325
Q96S94,0.306860471
Q92621,0.306139322
P49959,0.305363286
P02768,0.301764266
P51911,0.30127307
Q9NSI2,0.298701905
Q9P0M9,0.298182738
Q13190,0.296952726
P35249,0.294579734
O43447,0.293817239
P06756,0.292755461
O60506,0.289385725
Q9NQA3,0.281286303
Q16527,0.279337227
Q9HBL0,0.277203086
Q8IZ69,0.268722654
Q13950,0.259804148
Q9UK53,0.259303458
Q15013,0.253998427
Q13614,0.25382027
Q9NRW7,0.251155294
Q01082,0.242988314
Q68E01,0.238539805
P29083,0.237843123
Q29RF7,0.234547343
Q7L7X3,0.232479904
Q86XP3,0.231597703
Q9BUF5,0.231370632
Q9Y6M1,0.231176525
Q00535,0.224482413
P47914,0.222777039
Q92522,0.217437597
Q5VT52,0.217122546
P05787,0.216197219
Q8N1G2,0.209733029
P18754,0.208964612
Q12972,0.208829265
P39656,0.204856511
Q8TDB6,0.202434377
P63173,0.199409116
P09661,0.196941214
Q13867,0.194860969
O00409,0.193960428
Q5VW36,0.191213511
O94874,0.187898067
Q01081,0.187033908
O60244,0.183899566
Q9UMY1,0.181635671
P35658,0.181024233
Q9HAS0,0.159483505
Q13889,0.158309597
P13056,0.157488254
Q8WVM7,0.155965968
Q9H2F5,0.155196291
P26373,0.147839231
Q3ZCM7,0.146980078
P21796,0.146073383
Q7Z460,0.141801486
Q12874,0.138149814
Q6ZUT6,0.137017175
Q9HBE1,0.136527574
O60828,0.133105012
P22694,0.131466994
Q9Y3B2,0.128658859
Q5QNW6,0.127760271
Q13620,0.120274365
O15116,0.119118541
Q05D32,0.118030127
O75937,0.117526395
Q9Y2K7,0.116718036
Q9NR12,0.116228857
Q05048,0.116123253
O14757,0.115036304
P33240,0.113971874
Q92616,0.113524916
Q68CP9,0.112423934
P55060,0.110915181
Q9UNY4,0.110730102
Q8NEM7,0.110393532
P14678,0.109767013
Q13618,0.106533275
Q13111,0.105665286
Q9H2H8,0.100687725
Q86SJ2,0.095125526
Q12959,0.085273333
Q9Y5B8,0.068751052
Q12792,0.063094657
Q96KR1,0.061523942
Q8TB72,0.060016136
O75618,0.057326993
Q99547,0.057216393
O43747,0.056610176
Q9Y2D5,0.056291299
Q15165,0.055213176
Q9BVC6,0.054011462
Q13868,0.051608267
Q4G148,0.050814028
Q9UNZ5,0.049943728
Q96JB5,0.047493386
Q9HD33,0.046288836
P54198,0.046039878
Q7L576,0.044692924
Q99873,0.043659955
Q96RT1,0.041413694
Q8WVM8,0.040561228
Q92896,0.038016072
Q9H814,0.030378532
Q6UX04,0.029812137
P68366,0.029385291
Q92547,0.028859163
Q86VX2,0.027953878
Q6IAA8,0.024818044
Q8TAT6,0.019861603
P62070,0.018324224
Q9BYD1,0.012744191
Q9P2P6,0.010314879
Q9NPG3,0.009245585
Q96F86,0.00610711
Q14671,0.00249735
Q9NQC8,-0.001070366
Q93074,-0.00186921
Q6VEQ5,-0.006048659
P46459,-0.006434625
Q9BVC3,-0.013985126
Q96T58,-0.015268938
Q5TZA2,-0.01759133
Q8NB78,-0.017927993
Q8IVL6,-0.020768379
Q6KB66,-0.0219875
P78406,-0.024268313
O15230,-0.028068078
Q8TDR0,-0.028589175
P09234,-0.028855185
Q9UKY1,-0.032742494
P32780,-0.035890417
Q6ZSR9,-0.036458182
O95785,-0.03770476
P35556,-0.041451685
Q07954,-0.043263888
Q15652,-0.043798957
O00541,-0.044882685
Q9NS91,-0.047762326
O94804,-0.05250614
Q14011,-0.054593787
Q92830,-0.055312965
Q5T5P2,-0.056121841
Q86XZ4,-0.056402923
P35251,-0.06288053
Q32P28,-0.0665322
Q9NWS0,-0.067656015
Q16637,-0.069460014
Q02539,-0.073799204
Q8IY67,-0.074592653
P43355,-0.07548137
Q7L0Y3,-0.075743637
P43007,-0.078439278
Q8IYW5,-0.079237936
O60884,-0.081175809
P46013,-0.084259811
Q13185,-0.0858032
Q9Y282,-0.089320546
Q8IXS6,-0.092828778
Q02086,-0.094647642
Q71RC2,-0.098689715
Q3B7J2,-0.101367873
P46060,-0.104011288
Q8IWS0,-0.104329018
A1A4S6,-0.108831065
P05556,-0.111498988
Q9P032,-0.113343046
P04216,-0.116206932
P36873,-0.116928668
Q96GA3,-0.118630666
Q9HD67,-0.121081082
Q8NDA8,-0.126389072
P62318,-0.13038164
P52272,-0.130827788
Q9P2B4,-0.134924403
Q9Y3Y2,-0.139311883
P54920,-0.142755028
Q86UP2,-0.142818108
P35226,-0.144828934
Q9H3C7,-0.145275776
P26006,-0.148127857
P49750,-0.148331393
Q9ULK4,-0.14918924
O75940,-0.153016426
P09543,-0.15762732
Q9Y4J8,-0.159218993
Q9H0W8,-0.171974013
O94763,-0.174844696
Q99567,-0.175525321
P62316,-0.189382667
Q9NRX2,-0.191781136
Q86SE9,-0.194340679
P61978,-0.194694894
Q9UL54,-0.195033952
O14686,-0.19513171
Q13895,-0.195147116
Q13415,-0.196269952
Q9Y2A7,-0.197268085
Q66K74,-0.197881342
Q63HM1,-0.200167337
Q9NXR1,-0.20305284
P62987,-0.204473592
P35611,-0.206690385
Q58FF6,-0.208712977
Q99470,-0.216316238
Q8WXA9,-0.216527722
O75223,-0.219552207
P62750,-0.221440787
Q15007,-0.223435376
Q8TDH9,-0.22644842
Q14980,-0.2287986
Q14527,-0.229652796
Q9UBK9,-0.231127345
P49458,-0.23273896
Q9BUI4,-0.239894905
Q9Y3D6,-0.243266277
P30419,-0.24792377
P67775,-0.248120345
Q9UI95,-0.251317871
Q96F63,-0.251335671
Q9P2K3,-0.251671247
Q7Z589,-0.257386483
Q07157,-0.261399911
Q96EK7,-0.263786426
Q96FF9,-0.268793813
P23396,-0.269113685
Q14108,-0.282395771
Q5T3F8,-0.287603312
P49916,-0.288149028
P31944,-0.2905418
Q7KZF4,-0.293524656
Q9NVF7,-0.293680246
Q12830,-0.300637632
P78395,-0.301568462
P78364,-0.302228588
Q9NZI8,-0.303041267
P08195,-0.304188726
Q6IEG0,-0.307700159
Q8IV48,-0.307728322
P19022,-0.311409714
Q5VSL9,-0.312334893
A1L020,-0.313509231
Q5U5Q3,-0.313872612
Q9Y3C6,-0.314278752
Q96C57,-0.314838676
P09493,-0.315507914
Q13616,-0.320806686
P23258,-0.321896736
P28062,-0.322607267
Q7Z7H8,-0.326252338
P37108,-0.332287925
P25054,-0.33309471
Q9NRX1,-0.334718631
Q147X3,-0.33594531
Q16666,-0.338781813
Q8NE71,-0.338960583
P55084,-0.339040759
P05026,-0.339547648
Q13322,-0.342623814
Q8NB16,-0.348086508
Q9Y2W2,-0.348738778
Q9H1K0,-0.349249594
Q96Q45,-0.35231729
Q9H0E3,-0.3530128
P10412,-0.353656
Q15417,-0.35578759
P0DI83,-0.356057033
Q8IYI6,-0.356665841
P58004,-0.357873199
O60216,-0.359315063
Q8WYA6,-0.361372937
Q8IWT6,-0.363359069
Q15003,-0.365518551
P67870,-0.365965094
Q9NQT4,-0.36687378
P50750,-0.368023212
Q9UFC0,-0.371220004
Q9NWM3,-0.371413492
Q9HCD5,-0.376518685
Q6UWH4,-0.376682604
Q92560,-0.379373464
Q69YN2,-0.382074123
Q12849,-0.38331562
Q96LB3,-0.384092225
O43709,-0.387116646
Q9H000,-0.398456272
O95104,-0.40178629
Q14767,-0.407499872
Q96FJ2,-0.408674345
O00468,-0.41413984
Q9Y5X1,-0.418121999
Q08J23,-0.420246651
P16403,-0.423008585
P07951,-0.425766972
Q13901,-0.43283836
O00391,-0.433233635
P05067,-0.439829802
O95235,-0.443373149
Q92609,-0.444076587
P13674,-0.447733711
P20585,-0.450653637
Q9H6T3,-0.458762437
Q96P63,-0.458843763
P22735,-0.465187431
P13646,-0.466043403
Q13625,-0.4694477
Q9NYB0,-0.474865753
Q04695,-0.478319606
Q7L8L6,-0.481520577
P18887,-0.482053877
O75607,-0.486769233
P62495,-0.487558228
Q9Y6R0,-0.492226011
P37268,-0.493384656
Q9NX24,-0.501637783
O95816,-0.504697993
Q5JU85,-0.507039505
Q9Y3C0,-0.507568139
Q9BTD8,-0.519271201
Q2M2I8,-0.523490435
Q92925,-0.524684781
O60934,-0.526281169
P10909,-0.529314229
Q9H2P0,-0.53269476
P01857,-0.532864959
P09012,-0.538116386
Q92922,-0.538839338
Q9NP66,-0.539726349
P01834,-0.539905733
Q14684,-0.540397535
Q9H147,-0.544650675
P02461,-0.546067517
Q6ZVX7,-0.547226018
Q8IYU8,-0.55476479
Q9NP77,-0.559445483
P62306,-0.560755999
Q8N6H7,-0.562756146
P62308,-0.563036802
Q8IXQ6,-0.564487086
O15078,-0.566709614
P52294,-0.56856795
Q9BT25,-0.573547171
Q5RKV6,-0.573830227
O94913,-0.574014589
Q9NZ63,-0.575797076
Q9UNN8,-0.577417972
Q96KP1,-0.577547044
Q9NVX0,-0.578544182
P0DP25,-0.578653098
P82912,-0.579374873
O75323,-0.584445822
P82932,-0.588378295
P10301,-0.591060944
P14868,-0.595228238
P21926,-0.599684316
Q9UNP9,-0.600759274
Q13751,-0.601624815
Q96D46,-0.60524536
Q8N5W9,-0.613183596
Q9H3P2,-0.614539301
P53992,-0.615020513
O15020,-0.618056784
Q9HC35,-0.618757724
P48047,-0.61975256
P69905,-0.623996685
Q96B01,-0.624132383
Q9H7X7,-0.628780219
Q13308,-0.631451975
P18074,-0.633077529
Q9UGJ1,-0.634577442
O14979,-0.634775734
Q9H857,-0.642104647
Q9H078,-0.642204044
Q9P2N5,-0.642716172
P12273,-0.643413666
Q9UBD5,-0.644780788
Q49A26,-0.646028098
P62857,-0.65023628
Q6PI48,-0.653130083
P23497,-0.655727407
P86790,-0.656585163
Q15041,-0.658273287
Q9Y6J9,-0.658527227
Q14118,-0.658543568
Q8N1B4,-0.660680916
Q8N684,-0.66234795
Q8IXM3,-0.663733287
Q13424,-0.664232389
Q5BKY9,-0.664791008
Q6IQ49,-0.670311572
Q01469,-0.671301893
Q13613,-0.677850027
Q15906,-0.682689493
O14497,-0.683425661
Q5VZE5,-0.683636524
O00148,-0.68365198
P42892,-0.68626131
P78549,-0.69174664
P13645,-0.691793197
Q9Y6K5,-0.692298589
Q96EY4,-0.698567061
P62304,-0.700191415
Q5D862,-0.70033781
Q9Y3D7,-0.701534591
Q9UH03,-0.70163044
Q9Y230,-0.703823424
Q15796,-0.70888628
Q14444,-0.713797828
Q8WVK2,-0.717090834
Q9BWU1,-0.71885104
O75909,-0.722588071
P54886,-0.723478373
Q9Y4K3,-0.727069038
Q13084,-0.730529161
P35908,-0.733762644
Q6IN84,-0.733852152
Q15437,-0.735623377
Q15293,-0.735915083
Q8IY33,-0.737255576
O00186,-0.739192022
Q9HAF1,-0.739643407
P31151,-0.741589076
Q8N1N4,-0.745410339
Q92499,-0.750873107
Q96AA8,-0.753164609
Q8WUU5,-0.753772051
O43913,-0.755196342
Q9BXK1,-0.758716347
P47756,-0.76263819
P52597,-0.77333447
Q9NXX6,-0.774284176
Q9NR50,-0.77514779
Q6IBW4,-0.778719312
O75410,-0.786476566
Q15648,-0.787427971
Q9BRX2,-0.791600622
A4D1P6,-0.797525333
P51948,-0.798311212
Q6PI78,-0.800421403
Q01664,-0.805760245
Q14204,-0.808664112
Q8N6R0,-0.808767691
Q08554,-0.812229145
P63167,-0.813425883
Q96DH6,-0.815455021
P35241,-0.815471075
Q9H3R5,-0.819564779
P14625,-0.820146942
Q15436,-0.820195394
Q05519,-0.821467322
Q8NBJ5,-0.822015319
Q96B36,-0.824216615
P52594,-0.826414638
O00161,-0.827721926
Q7L4I2,-0.828113661
P46379,-0.830049204
O14974,-0.830227769
Q5TKA1,-0.830506419
Q15758,-0.8324981
P67936,-0.83380528
Q16643,-0.837691682
Q9Y265,-0.840131727
P29374,-0.841163794
Q96KG9,-0.842441425
P01876,-0.844772038
Q9ULD2,-0.845496379
Q2KHR2,-0.847832343
Q9Y6I4,-0.848184925
Q96SB8,-0.852338818
P11474,-0.855408783
Q9BQ61,-0.860804832
Q5PSV4,-0.86143867
O60313,-0.865756949
Q15942,-0.866720014
Q9H4Z3,-0.868595167
P08238,-0.872488401
Q07021,-0.887418034
Q16610,-0.889763388
P17066,-0.890811984
Q9NUQ6,-0.891218461
Q8WW12,-0.891402379
P26640,-0.892176369
Q8WU90,-0.892799983
P31483,-0.893039739
P81605,-0.893406523
Q8IUH3,-0.893991297
Q9NQ50,-0.901939354
Q9NV70,-0.902041555
Q5T749,-0.903873431
Q9NQZ2,-0.904441462
Q9NYP9,-0.910327843
O43464,-0.910436761
Q14320,-0.91229552
P47929,-0.912967956
P13473,-0.916328464
Q12894,-0.918213681
O60890,-0.923377041
Q02543,-0.925047589
P51572,-0.925245484
Q969Z0,-0.928875688
P09874,-0.931175891
P62140,-0.933647537
Q96GY3,-0.938071662
Q5T0N5,-0.942562694
Q8TAQ2,-0.945539274
P05089,-0.948544265
Q6P1K2,-0.964866005
Q9BXB5,-0.967265118
Q86Y46,-0.97040135
Q9NYK5,-0.972827659
Q9NZM3,-0.978234973
P62136,-0.97858251
Q9NZN8,-0.978701971
Q96HR8,-0.985123682
O60911,-0.987470778
P49642,-0.987725884
O75330,-0.988467796
O14786,-0.989137196
P49757,-0.989980462
Q9UGU0,-0.99171578
Q9BWT3,-0.993767251
P52292,-0.995856082
Q9UBF2,-0.997216839
Q9P206,-0.997667412
P10599,-0.997725377
Q96FV9,-0.999339976
Q9UBT7,-1.001708832
Q03113,-1.002233679
Q86YZ3,-1.006286505
Q13217,-1.007711628
A6NHR9,-1.008362151
Q9UPN3,-1.010096392
Q5VIR6,-1.011169723
Q15418,-1.012118995
P25311,-1.01553099
O60568,-1.019316969
O95229,-1.020412184
Q9P0V9,-1.020827979
P04264,-1.023702416
Q8WVV4,-1.026364007
Q8NBM8,-1.026674465
Q6NZ67,-1.026899622
P15311,-1.027020668
P05198,-1.031367985
Q69YQ0,-1.031395156
P52732,-1.033488157
Q6P087,-1.0354427
O00505,-1.044896519
Q8WXX5,-1.051323397
Q7Z7K0,-1.053720874
Q658P3,-1.055523577
Q14574,-1.059360068
Q6STE5,-1.060030337
Q9BXS6,-1.06290213
P42025,-1.063149447
P01040,-1.063516622
A5YKK6,-1.066120062
Q9H9J2,-1.070454743
Q0VGL1,-1.070746927
Q6ZSZ5,-1.072601175
O15231,-1.072934988
Q9UPN6,-1.073093357
Q6P3W7,-1.076846271
P50613,-1.077369813
Q8NFH5,-1.079408
O95292,-1.081604728
O60684,-1.081981409
O15014,-1.093777545
P48426,-1.096474874
P53396,-1.106119319
Q15434,-1.111990319
Q96D15,-1.114955942
Q9UQE7,-1.120373876
P50570,-1.122374264
P21359,-1.123870867
Q8WXE1,-1.124178068
Q9H875,-1.124741076
P13647,-1.126415256
P60842,-1.127999778
O00471,-1.12906745
Q9BZI7,-1.132829666
P62191,-1.133065219
Q13263,-1.134081712
Q9NUG6,-1.135932206
O00629,-1.139005918
P29508,-1.141499938
Q96SI9,-1.144565963
P02788,-1.146593908
P07195,-1.147966751
O15075,-1.148094532
Q9Y496,-1.150749037
O94864,-1.151213958
Q96P47,-1.154030974
Q6MZP7,-1.154856998
P07900,-1.158438049
Q9H334,-1.160451264
P06400,-1.165389092
Q9Y5T5,-1.165780212
Q66PJ3,-1.167350885
Q15543,-1.1674024
Q9NZD8,-1.168907589
O95202,-1.173803115
P29590,-1.175631624
Q5JWF2,-1.177639436
Q9NYJ8,-1.183107709
Q9BVC5,-1.186530837
Q9Y2R9,-1.187444007
L0R819,-1.189488212
Q9P2R3,-1.190411139
P04040,-1.191223585
P11279,-1.197709395
Q6NWY9,-1.201625246
Q9UN81,-1.205141176
Q15583,-1.206668021
P60866,-1.213508863
Q96L91,-1.216080366
Q9P2N6,-1.217271226
P08962,-1.219568125
P12035,-1.223301199
Q9UKL0,-1.228755181
Q96QB1,-1.232569875
O94842,-1.232899662
O75306,-1.233516582
P00747,-1.240127762
Q92572,-1.240643634
Q9UPT5,-1.240703575
P11142,-1.240781155
Q8ND56,-1.245470773
Q96G01,-1.246397435
O43427,-1.249621311
P20226,-1.250616537
Q08AM6,-1.250713239
Q5EBL8,-1.251253413
Q00341,-1.254646992
Q00765,-1.257381345
Q9H211,-1.258659147
Q8N1E6,-1.263594645
P63208,-1.267564784
Q9BUE0,-1.272605975
Q9Y697,-1.274449434
Q93034,-1.275518033
O60879,-1.284462678
Q96D71,-1.286386737
P47897,-1.287274731
Q13310,-1.287752102
Q9Y587,-1.29083894
Q13813,-1.294964107
Q9H7E9,-1.297548901
O14965,-1.300585176
P16070,-1.300858457
Q15517,-1.301541589
Q96MW7,-1.306138124
P35527,-1.308931087
Q6UWP8,-1.309555762
Q9BS16,-1.310713987
O94927,-1.313413372
P17676,-1.315041663
Q9H2D6,-1.319447216
Q9BY67,-1.321597363
P06753,-1.3238849
Q8IWF6,-1.324620027
Q92878,-1.328400237
Q8NCN4,-1.33089636
Q96A65,-1.333912538
Q92599,-1.334086392
Q9NZT1,-1.33559038
Q9BSJ2,-1.336016394
Q7Z2E3,-1.34285554
P05386,-1.344011406
P31948,-1.346704907
O95059,-1.346776125
Q13740,-1.346968523
O15479,-1.348013365
P31025,-1.352341609
P49116,-1.355229098
Q9NQW6,-1.355559882
O60645,-1.355862426
O14646,-1.356436257
Q9NXV6,-1.358085026
Q9HBM6,-1.361754186
Q15561,-1.367377949
Q9UL45,-1.36853463
O96013,-1.37255713
P41208,-1.381694424
Q96RF0,-1.384983806
Q8N0X4,-1.391815622
Q96ES7,-1.397863059
Q96A72,-1.399840826
P15407,-1.399985322
Q9UID3,-1.402375826
Q15021,-1.404985094
Q9H7L9,-1.410679814
P02533,-1.41163662
Q96GC5,-1.414245352
Q9H7Z3,-1.415862886
Q8TBX8,-1.418709442
Q6NYC8,-1.420339266
P61221,-1.421065638
O43432,-1.421630522
Q01167,-1.422382346
Q9NQS1,-1.422982901
Q96T60,-1.424545917
Q9C075,-1.428592235
P32004,-1.428991781
Q8WXA3,-1.430293724
P51795,-1.435744475
Q8TBB5,-1.436943406
Q9Y383,-1.437407444
Q86UV5,-1.437898152
P61163,-1.442339028
Q9UHR4,-1.449119501
Q9Y608,-1.450523722
Q08426,-1.453555106
P15924,-1.453790257
Q86V48,-1.458619677
O95825,-1.463275314
Q14674,-1.467061272
P0DMV9,-1.46822431
P13984,-1.471452109
Q9Y294,-1.473442178
O94811,-1.473527838
Q99633,-1.474998837
O75446,-1.477530937
P61244,-1.48074233
Q7Z7F7,-1.482775417
Q92558,-1.487579431
Q07092,-1.490939547
Q08AD1,-1.508667164
P11908,-1.509032132
Q9NZB8,-1.510533746
Q9BSD7,-1.513326073
Q9H9L4,-1.513337524
Q8N9N5,-1.516813343
P48681,-1.520304848
Q15717,-1.521586564
Q15545,-1.523797419
Q06033,-1.525105313
Q8ND04,-1.52606143
Q13835,-1.526305462
Q9P2K5,-1.52747461
O14733,-1.529600916
P54709,-1.529886261
Q02413,-1.533274529
O95997,-1.537001603
P46940,-1.537785001
Q99811,-1.541700324
O00506,-1.542154328
Q8N3V7,-1.552011471
P55769,-1.554063126
P49770,-1.55697338
P98182,-1.563207561
P61326,-1.568098452
P23588,-1.568350742
Q99594,-1.569370756
P34932,-1.570330862
Q8NBT2,-1.579382822
Q9BR76,-1.582760445
P51946,-1.582783441
Q8WX92,-1.588085344
Q01658,-1.597339514
Q9ULH1,-1.60088442
P48378,-1.602281715
Q9NXZ2,-1.60462179
Q9H4A6,-1.624992214
Q96S59,-1.625085263
Q8WTW3,-1.626050768
P67809,-1.626098111
O43670,-1.630634505
Q96CS2,-1.631719065
Q96JJ3,-1.634452032
P60033,-1.636512902
Q9ULV4,-1.639635785
P06702,-1.640131773
Q5JSZ5,-1.641328371
Q68CZ6,-1.641441172
Q8WUF5,-1.643372362
Q7Z7C8,-1.649865658
Q15370,-1.653882174
P25705,-1.655399058
Q5JTD0,-1.656359526
Q6I9Y2,-1.668131486
Q9BRP1,-1.668297442
Q86UE8,-1.671316709
Q8IX90,-1.677545428
Q6QNY1,-1.678860295
P0DUB6,-1.683463075
O75475,-1.684084789
Q14232,-1.685595152
O00116,-1.686220512
O43148,-1.687438476
Q9NVA1,-1.690940855
Q14103,-1.696488474
O15212,-1.701303523
O75586,-1.707159444
Q13753,-1.708831525
Q15637,-1.70938131
Q9UIF8,-1.713275306
Q02930,-1.713889332
Q12962,-1.720048586
P56545,-1.720655269
P30154,-1.726221891
P78344,-1.736933872
P11055,-1.738894966
Q5T6F2,-1.74307975
P26038,-1.744143147
Q92888,-1.746089151
Q9H9A5,-1.747196508
P05388,-1.748264368
P05455,-1.749023285
Q5JPI3,-1.749819115
Q96GM8,-1.752571422
Q5T2T1,-1.756834869
Q8NFP9,-1.759712476
Q5VYK3,-1.762916812
Q9H0C8,-1.76391082
Q9H6D7,-1.765953384
O14981,-1.771681688
A4D1E9,-1.772356942
P11940,-1.772665536
Q9BW19,-1.773539717
P78356,-1.774846556
Q6VY07,-1.782200761
Q9Y5S9,-1.784701988
O43237,-1.784757519
Q9NZW5,-1.788681053
Q96JG6,-1.788967502
Q08380,-1.793324242
O76031,-1.795593074
O43852,-1.801274603
Q9NSC5,-1.801804821
P26232,-1.804653387
Q15853,-1.806723722
Q9BPX3,-1.809484354
P02538,-1.809619838
Q8IUR7,-1.815470259
Q14847,-1.821298804
Q9UP83,-1.824394667
P04259,-1.826278668
Q9NYB9,-1.827787507
Q9BTT6,-1.828618132
Q96KN1,-1.829761802
O14776,-1.830361555
Q08209,-1.831005335
Q99661,-1.839436646
P19525,-1.84195581
Q9UHD8,-1.843475475
Q8IWJ2,-1.846151387
P61626,-1.850393099
Q9NQH7,-1.852801647
Q9BY77,-1.85287508
P12532,-1.855246914
Q96HQ2,-1.856221131
Q8WXE0,-1.857208658
O00268,-1.86180747
P12111,-1.864961986
Q09666,-1.866410088
Q9Y4R8,-1.867076657
Q92791,-1.869223419
Q9NVI1,-1.876685213
Q8N163,-1.877377754
Q14157,-1.880295208
Q96MF7,-1.886946892
Q96IY1,-1.889235085
O94979,-1.892408209
O94826,-1.892536122
Q99608,-1.89731779
Q9BSQ5,-1.898270039
Q9NZI7,-1.898916689
Q8NHQ8,-1.899516542
Q16594,-1.900993152
Q9HCU9,-1.902769582
P46199,-1.906148801
Q96BN2,-1.9092221
P13010,-1.911255071
Q14746,-1.912502653
Q9H3F6,-1.912798828
P24468,-1.914997928
P43358,-1.920274596
Q9Y4C1,-1.927298433
P52907,-1.935776313
Q13362,-1.936803711
Q8WUZ0,-1.945754499
Q14240,-1.952076251
Q9H410,-1.95247786
Q96QK1,-1.959240571
Q15233,-1.959374587
P30153,-1.963568693
Q96DE0,-1.964387667
P46087,-1.96577259
O43502,-1.967168439
O75083,-1.968517152
P0CB38,-1.96868977
Q13838,-1.968861471
P55201,-1.969907356
Q16514,-1.975651024
Q96HC4,-1.979645964
Q13636,-1.979650608
P08779,-1.980757369
P47755,-1.98663667
P61812,-1.98804688
O43293,-1.990408945
Q8ND24,-1.99181505
O75935,-1.993986254
Q15059,-1.99832164
Q9NW61,-1.999362091
Q99583,-2.012294684
O60885,-2.019189995
P27797,-2.021500767
P24864,-2.021918898
Q9BQE9,-2.023477872
P10276,-2.025469701
A6NJ78,-2.025933594
Q8TF74,-2.034858877
Q9NRN5,-2.042006029
Q15633,-2.042042082
Q96PE3,-2.047765007
Q9NRF9,-2.049505901
Q16537,-2.054295705
Q9BTE1,-2.054602442
P10915,-2.057945267
A8MW92,-2.057973965
Q9P258,-2.060405808
P35221,-2.062040055
P31146,-2.062895997
Q96T51,-2.063777015
Q9UKS6,-2.071886214
Q9UEE9,-2.073263945
Q9Y2L1,-2.073326646
P56192,-2.073959951
Q9H944,-2.076041716
P04004,-2.080527929
Q9C0J9,-2.081179798
Q00610,-2.087239949
Q13416,-2.08741495
P17275,-2.088127134
O43542,-2.092167766
Q13948,-2.096003134
Q9H0E9,-2.09700911
P10588,-2.09970917
Q96P11,-2.099940051
Q15019,-2.101850918
P07814,-2.105204192
Q9UNF0,-2.112332955
Q5JVF3,-2.112664097
P20042,-2.113866231
O00479,-2.115770401
P10619,-2.116332728
Q9BY44,-2.120676049
Q9H8K7,-2.120898798
P49336,-2.121977581
P29558,-2.12381585
A0JLT2,-2.129203232
P26440,-2.129240222
P42566,-2.129364319
Q96MG7,-2.135829551
Q01844,-2.13813171
P55268,-2.13966908
Q9UHV9,-2.143623395
Q9HCN8,-2.145293033
Q9NVZ3,-2.15361591
A6NM62,-2.156672923
Q9P0J1,-2.157123156
Q86WB0,-2.161375158
Q9Y5R8,-2.162528444
P22234,-2.163083054
Q15057,-2.16661547
P19013,-2.167579309
Q8IXM2,-2.168296241
Q8N1F7,-2.17336296
Q15544,-2.17588572
Q9UBQ0,-2.176402235
Q9UHA4,-2.176881999
Q16513,-2.181461829
Q99615,-2.184357228
P49006,-2.195436042
Q9H4I2,-2.197254191
Q12905,-2.204143395
Q01970,-2.206022758
Q9UQB8,-2.209361882
Q8NFC6,-2.211832304
Q15369,-2.21241303
P14316,-2.214068366
Q9Y6X3,-2.214671591
Q07866,-2.214793314
Q9BQ13,-2.218208231
P20248,-2.21858227
P62310,-2.21893609
Q13619,-2.219158301
Q8NCA5,-2.222345224
Q9UI42,-2.222434949
Q15651,-2.225498701
P83436,-2.227838403
Q969G3,-2.239279532
Q9UHX1,-2.240358404
Q9P0K7,-2.242045842
Q00403,-2.243814858
Q9Y295,-2.250578465
Q9UKZ1,-2.251038015
Q16630,-2.254191772
P04792,-2.255061656
Q14258,-2.255330393
Q99460,-2.255541227
Q9P289,-2.257622999
Q9BUL8,-2.263296922
Q7Z417,-2.263800107
Q9H9E3,-2.263945639
P40424,-2.266621596
Q9UK45,-2.267005549
Q00059,-2.273024859
Q05682,-2.277033738
Q8WV22,-2.288632827
Q92973,-2.288985298
O75177,-2.292049498
Q9NXN4,-2.29388736
Q15843,-2.294987811
P68104,-2.299743787
Q9NZN4,-2.300827486
Q05639,-2.30251472
P56537,-2.305270607
Q15120,-2.314546216
Q6P1L8,-2.320846746
O95782,-2.325346519
O14867,-2.327260244
Q9HAV4,-2.32905438
P05387,-2.333817971
P07996,-2.334225543
Q9UJU6,-2.337875278
Q8N108,-2.340782531
Q14203,-2.340876285
Q9H9A6,-2.342062028
P49643,-2.344579817
Q14457,-2.349711132
P63165,-2.358181363
P41091,-2.360382644
O95155,-2.362582772
Q9UPW6,-2.366907241
P42166,-2.367461981
Q13200,-2.368725411
Q15555,-2.37061427
Q9H081,-2.373609242
O14908,-2.377273207
Q92506,-2.378006269
P28702,-2.378509328
P61601,-2.382474864
P01111,-2.38624525
P07942,-2.390029227
O14503,-2.390788353
Q15560,-2.39761651
P22415,-2.404867857
P25685,-2.406274268
Q9UBU8,-2.408152606
Q9ULX9,-2.412188428
O95758,-2.422953571
P05412,-2.423809738
P09211,-2.42605717
P14923,-2.426681504
Q8WXF1,-2.429570677
Q14974,-2.431498982
Q99747,-2.431990878
Q8IXH7,-2.433887396
Q7Z739,-2.438458392
Q9Y2V7,-2.444464355
Q96MN5,-2.4452972
Q8NC96,-2.445496633
Q12929,-2.451840242
Q8NC51,-2.453812193
Q53EZ4,-2.457103284
O14980,-2.458172325
O00716,-2.458253665
Q6Y288,-2.460785378
O60870,-2.463018968
P11047,-2.469036622
P14635,-2.470614817
O95630,-2.472135342
Q86VY4,-2.474410689
Q9BRA0,-2.476453419
O95219,-2.477035744
Q13418,-2.481096109
P62979,-2.484795524
Q99729,-2.485211237
Q71UI9,-2.490529264
Q96HW7,-2.491071786
Q9UQ13,-2.49441421
Q7L1Q6,-2.495511379
O15525,-2.505334752
Q8TEA7,-2.507877907
P35637,-2.509098784
P61764,-2.517200176
P06730,-2.517663217
P15408,-2.517715345
Q92688,-2.518658142
Q99961,-2.519379521
Q9H3U1,-2.520851846
Q9Y6E0,-2.521567878
A6NKD9,-2.522463819
P48380,-2.531812624
P41214,-2.53305623
Q9UPN9,-2.533074231
O95721,-2.539388541
Q9H6E4,-2.540849452
P57723,-2.545677
Q6P6C2,-2.551456633
Q5PRF9,-2.557545792
Q15014,-2.563082755
P47813,-2.568747889
Q15723,-2.582170573
P28072,-2.582648968
P49848,-2.587916376
P54577,-2.59366935
Q14008,-2.601626265
Q15642,-2.602032146
Q9BSM1,-2.602622846
P51659,-2.602872474
Q9Y3B7,-2.606079082
Q9Y296,-2.606656895
Q96RE7,-2.609003813
O43929,-2.615701514
P24863,-2.622892279
Q8IVH2,-2.624559748
P27816,-2.632685194
Q86YM7,-2.640841377
Q9BTZ2,-2.645626447
P51665,-2.646628578
Q9UBS4,-2.649863981
Q6PGP7,-2.653190129
P26641,-2.654290202
P61966,-2.658853423
P49841,-2.659167483
Q14554,-2.666738139
P32519,-2.675935694
Q93096,-2.677854776
P55036,-2.678808668
Q13561,-2.679980006
P53582,-2.682587724
P52926,-2.689196998
Q9UKI8,-2.690756036
P48059,-2.696336186
Q15365,-2.701581239
P39687,-2.708079472
Q10713,-2.714911127
Q14651,-2.724660636
Q8TF42,-2.726264477
P23921,-2.72648098
Q96BD8,-2.730885094
P30038,-2.731312045
Q96HR3,-2.731377662
Q8TD16,-2.734735655
Q9Y4G6,-2.734759164
O14773,-2.737142974
P06748,-2.737947652
P63279,-2.737954759
P00387,-2.740021857
O75146,-2.741428575
Q92626,-2.748239111
P56377,-2.748420972
Q9UL15,-2.756451925
Q92917,-2.757738316
P39880,-2.760079902
Q8IUE1,-2.760730474
P62195,-2.767780879
Q03426,-2.77462598
Q7L273,-2.778931433
Q86TN4,-2.780245723
Q9Y5J5,-2.785545817
Q9Y5X2,-2.793242199
P21291,-2.793909509
Q96MW5,-2.796237959
Q9NSB8,-2.797210544
Q9UI43,-2.807747384
Q9NZP5,-2.81219078
Q9UPY6,-2.818143832
Q9H5Q4,-2.820711794
Q13951,-2.823856986
O75116,-2.827048545
Q9BXJ9,-2.829232263
Q7Z3B4,-2.836063088
P09382,-2.837892557
Q15119,-2.844451151
O75718,-2.848463524
O95347,-2.858960325
Q70J99,-2.861898875
Q9P2K1,-2.869300923
Q9NNX1,-2.873442913
Q9NRG0,-2.874560524
P55055,-2.880976258
P22670,-2.883046965
O94782,-2.884340706
Q9H910,-2.894094075
Q8IZP0,-2.899718913
Q13485,-2.901570684
Q8TCS8,-2.902343895
P63010,-2.909517682
Q01085,-2.918164475
Q9UH62,-2.920034027
P06733,-2.922727794
Q9UNH7,-2.924118987
Q96JB2,-2.924809238
P16989,-2.931965405
P50395,-2.935518951
Q02447,-2.939127127
Q9NTJ3,-2.956416302
O14777,-2.957000975
Q9Y6G5,-2.966753274
P53567,-2.970765584
Q8TEA8,-2.975501519
Q9UI12,-2.979852429
O00291,-2.980773826
Q9Y5L4,-2.987461728
Q7L311,-2.990238403
Q96JY6,-2.991646429
Q02218,-2.992137615
O75175,-2.994100277
Q9UFW8,-2.996328437
O00487,-3.000829163
Q06124,-3.002902783
P35998,-3.004832299
Q96C36,-3.007208141
Q6UB35,-3.007529582
P54619,-3.007662267
Q9Y4Z0,-3.009538511
P26358,-3.010933986
Q07812,-3.013466732
P54727,-3.015407701
Q9HBI1,-3.016051596
Q14956,-3.016694131
Q15046,-3.018864363
O00442,-3.022520562
Q9NQ89,-3.02959405
P62877,-3.030754611
Q92600,-3.035222251
P48382,-3.036956575
Q9Y6V0,-3.03995569
P22413,-3.041679425
P62312,-3.043264115
Q86VS8,-3.044278121
Q5VV52,-3.050190296
Q9H4B0,-3.05373989
Q9BTT0,-3.055979105
Q8IUF8,-3.058190962
P15586,-3.061954004
Q14919,-3.062466489
P62333,-3.062911099
Q9NTZ6,-3.064324788
P41252,-3.071165905
Q8IYM9,-3.074821657
Q15528,-3.084076056
Q5VTR2,-3.085756231
P85037,-3.086526869
Q8IY57,-3.087100262
O15091,-3.089351647
Q9UK41,-3.090188412
P46063,-3.100227369
Q08188,-3.102530312
Q9NUQ3,-3.112303614
Q96PU8,-3.117852413
O14519,-3.119439073
Q9BTA9,-3.122852723
O60763,-3.139097911
Q8N488,-3.141548127
P35659,-3.144510851
P26196,-3.145329601
Q9UIV1,-3.145463367
P29372,-3.145673884
P53680,-3.155463392
Q9NTJ4,-3.156622365
Q8IVS2,-3.1598747
O43617,-3.168972312
O75448,-3.171892685
P20618,-3.172471739
Q5VSY0,-3.172985191
Q7Z3J2,-3.1759549
Q96EK5,-3.176124252
P15927,-3.176248644
Q3MHD2,-3.177137797
P41223,-3.177441185
Q96E29,-3.183734649
Q13123,-3.188915992
Q15366,-3.19010233
Q9P0K8,-3.193586589
Q9UNS2,-3.198921963
Q8IVM0,-3.203995248
P38606,-3.205342988
P21281,-3.205395359
Q86W34,-3.206237054
O43837,-3.215237577
P19793,-3.217081161
Q8TB22,-3.217270714
Q8N2Z9,-3.217309426
Q9Y2Q3,-3.219435358
Q8TB37,-3.224040341
P09622,-3.224570034
P63244,-3.233063364
Q9Y6W5,-3.238810168
P50454,-3.241694277
O15460,-3.243199278
Q86X83,-3.244013272
Q8NHV4,-3.244287583
P43246,-3.245441664
O43809,-3.246466396
Q8N3F8,-3.247653405
O00429,-3.252396983
Q9UBN4,-3.278130102
Q15404,-3.283205724
P00367,-3.290984463
Q13077,-3.291511309
P41240,-3.305321542
P01033,-3.30601568
Q8TDX7,-3.314152835
P40222,-3.319819885
Q92879,-3.320837695
Q9NXR8,-3.322451688
P07602,-3.322557028
Q8TAV0,-3.324094041
Q9BRJ7,-3.331422211
Q12996,-3.333499444
P07237,-3.334459371
P50479,-3.334676733
P00338,-3.337817482
P08865,-3.340345997
Q9HBM1,-3.340467876
Q70E73,-3.343254652
Q53LP3,-3.343773135
O14713,-3.346021691
Q8WXW3,-3.346943396
P82979,-3.347522696
O60551,-3.350113659
Q9H267,-3.352814804
O00232,-3.355805497
O75923,-3.355925191
Q53EL6,-3.359968477
Q7Z569,-3.361517259
Q9Y5K6,-3.366290782
Q13309,-3.366481465
Q9BZD4,-3.372462406
Q9BZ72,-3.374332096
Q10567,-3.375355384
P36776,-3.383025923
Q9Y224,-3.387826421
P05121,-3.389092035
Q04837,-3.39066058
P17535,-3.393505519
Q99519,-3.39368181
Q9NVD7,-3.39669288
Q9UIU6,-3.398338996
Q9UNI6,-3.404887101
Q15691,-3.41015746
Q7Z2Z2,-3.41164437
Q9Y314,-3.415674854
P63220,-3.417643035
Q9BX46,-3.422282609
Q96I24,-3.427346949
O95619,-3.430984365
Q01105,-3.437356206
Q5T7V8,-3.437902649
Q8WWM7,-3.438642788
Q9NUP9,-3.440070833
O75150,-3.444163286
Q9H4M9,-3.448257476
P19367,-3.452372632
Q9Y6E2,-3.452780123
P42224,-3.453167622
O43813,-3.453695344
P42704,-3.456190447
Q460N5,-3.46092622
Q14533,-3.462019368
Q03169,-3.469701543
Q9NV56,-3.479561339
P06576,-3.481533023
Q9BT17,-3.482858019
Q9NUJ1,-3.489953472
Q9Y2R2,-3.499276624
Q99986,-3.50774774
Q15008,-3.514423345
P49748,-3.517840627
Q8TEA1,-3.519740366
P38646,-3.52195619
P22830,-3.527363649
Q13596,-3.530291133
Q9H223,-3.54177677
Q9NYL9,-3.547870448
Q9NVM6,-3.549182663
P57768,-3.554871227
P12004,-3.555710615
Q9Y6G9,-3.564510417
Q9Y221,-3.565937707
Q9Y4L1,-3.572738251
Q15084,-3.57751585
Q12926,-3.582560485
P45973,-3.583303448
O43252,-3.586818261
P04183,-3.587044216
Q7L9L4,-3.588979364
Q14469,-3.589457874
Q9Y606,-3.592574004
Q13363,-3.596166767
P00505,-3.598193235
Q9ULA0,-3.599844334
Q9UFF9,-3.600004825
Q16656,-3.603192056
Q5T7W0,-3.60693074
P28799,-3.607966111
Q6ZWJ1,-3.611697975
Q9BYD6,-3.614138693
Q96EY5,-3.616233922
P17096,-3.616667578
P17987,-3.627516501
Q9Y333,-3.629651462
Q9P270,-3.630948228
Q9H0B6,-3.636267672
O75153,-3.640385061
P17980,-3.642456855
Q8N1G4,-3.644846302
P35244,-3.66012617
Q9UNM6,-3.660293503
P09131,-3.662572652
P35243,-3.663087053
Q567U6,-3.663433029
P52815,-3.665420518
Q15833,-3.675306888
Q6P2C8,-3.676158196
P32322,-3.677851587
Q15750,-3.679078375
P55010,-3.68011914
P30050,-3.680519357
Q9NWU1,-3.691968871
Q9P0W2,-3.695899154
Q9Y520,-3.702374046
Q9NPJ6,-3.703634553
Q9H0L4,-3.717399263
O95373,-3.726032339
P09486,-3.72935601
P40425,-3.729596218
Q16763,-3.734054276
P51610,-3.736626734
Q9Y5K8,-3.736848481
Q9BRT2,-3.740162722
P55209,-3.742303499
P27361,-3.743036721
P49419,-3.743359585
P08559,-3.743972965
O00170,-3.751301668
P29401,-3.751332751
Q2TAL8,-3.751757693
Q71SY5,-3.761465834
Q9UPY8,-3.76552124
Q6IBS0,-3.783369848
O94973,-3.788510327
O95881,-3.790502244
Q9BZZ5,-3.797922303
Q9NVA2,-3.799587563
Q9Y6I3,-3.809574002
P02545,-3.813074338
Q06330,-3.814122925
P23246,-3.821235831
Q9UKA9,-3.826273825
Q99543,-3.828030276
O15294,-3.829487357
P62258,-3.834511033
Q9BS26,-3.838393159
Q9H3S7,-3.8488931
P01137,-3.851800382
Q8IZQ5,-3.854039734
P11586,-3.858896653
P49459,-3.863614154
Q04917,-3.865421756
Q8WVK7,-3.870695874
Q14CX7,-3.870853916
Q9BVL2,-3.871483287
Q8IUR0,-3.875955231
Q53H47,-3.880079421
P04062,-3.880382437
Q13555,-3.890619618
Q8WUM4,-3.895491511
P54819,-3.900409088
Q9Y3I0,-3.901542939
Q86VN1,-3.903277462
Q16831,-3.903758523
Q99816,-3.905738079
P27695,-3.907359544
P61981,-3.908079449
O95777,-3.908942456
Q9Y3L3,-3.915151993
Q8IU81,-3.916876819
P41567,-3.91790972
P37198,-3.919398172
Q96RN5,-3.919569191
Q9NX08,-3.920853536
Q6YN16,-3.921089328
Q86SZ2,-3.925941665
P08236,-3.93103025
Q8N6T7,-3.944008921
P17600,-3.944088419
P05204,-3.956746991
Q7Z3B3,-3.957134063
P12814,-3.959194574
P24941,-3.959271412
P16220,-3.964579031
P40227,-3.993182486
P55347,-3.993609333
P43686,-3.994408394
Q5TC82,-4.006571457
Q7L3T8,-4.006769255
E9PAV3,-4.023412065
Q9NUI1,-4.025508174
Q13492,-4.025992436
Q9Y6K9,-4.032106327
Q86UK7,-4.034778604
Q96CT7,-4.037989873
P19532,-4.048981437
P60900,-4.050698924
Q9BY42,-4.05588008
Q12788,-4.057152241
P0C0L4,-4.058318836
Q8WUN7,-4.061822957
P54136,-4.064992486
Q8IYL3,-4.06842031
P06493,-4.074809529
P22314,-4.078166681
Q86WR7,-4.081817766
Q9UQN3,-4.084189928
Q08999,-4.084370624
Q6ZMI0,-4.117076014
Q9H9C1,-4.127259723
P26599,-4.128256051
Q15398,-4.13228877
P20290,-4.136361209
P30101,-4.154407022
O14531,-4.156250356
O60493,-4.156676853
Q9BTV5,-4.163007636
O00287,-4.170533769
P07858,-4.173972737
Q9Y285,-4.182234114
Q8WVT3,-4.183196797
O43707,-4.185610355
P00749,-4.186150838
Q68EM7,-4.194503272
P36957,-4.199076273
P25789,-4.201366342
Q96M89,-4.201401431
O75348,-4.205065832
Q9NQG5,-4.206865223
P48556,-4.21115829
Q9BT09,-4.213068649
O00231,-4.224625245
Q13439,-4.239790282
Q9Y2I9,-4.240372128
P04080,-4.250247773
Q9P287,-4.255765174
P12270,-4.256959775
Q9NZN3,-4.258988387
P49840,-4.260646894
P31946,-4.264580736
Q7L1V2,-4.26483035
P50552,-4.265130283
Q9UN37,-4.273031948
Q9Y5X3,-4.276346813
P12109,-4.282600512
Q8NFW8,-4.300293894
Q9BZF9,-4.303205573
Q9H1B7,-4.309415577
P53999,-4.313096577
P53990,-4.32528405
Q9BWT6,-4.327258815
Q8IYB1,-4.333754016
Q6UVJ0,-4.337338228
O15527,-4.345969908
Q92793,-4.348862468
P07339,-4.351508701
P62633,-4.354419713
Q16186,-4.355012343
Q15631,-4.359190452
Q9H939,-4.365057017
P50995,-4.368447797
Q9BWS9,-4.371300576
P25788,-4.373516378
O60826,-4.382373789
P30533,-4.384465411
O60784,-4.385405221
Q7Z7A4,-4.388714385
Q719H9,-4.393566955
Q15056,-4.396046005
Q9H074,-4.399729058
Q96GG9,-4.427004451
Q0VDF9,-4.435423251
Q9NS86,-4.448433875
Q9UBP0,-4.452379379
Q9Y490,-4.456906126
O14818,-4.457398247
O00410,-4.457990372
P61916,-4.464079961
Q14141,-4.467442602
P51617,-4.475204826
P82970,-4.478451701
Q9BYV8,-4.491297806
P60520,-4.491525587
P13639,-4.492220493
Q7L775,-4.497194143
Q12974,-4.499745297
Q9Y605,-4.500425919
Q13155,-4.506642596
Q9BZL1,-4.509056903
Q99832,-4.511832721
Q6P161,-4.516289391
Q92598,-4.521308776
Q9UDT6,-4.547040233
P35609,-4.551950913
Q7Z5L9,-4.554402818
P23284,-4.558561522
Q14814,-4.569744517
Q86VP6,-4.572597484
Q14696,-4.577506014
Q9Y5N6,-4.58615834
O95067,-4.58831
Q6UW78,-4.603043051
P49368,-4.612370374
Q96B97,-4.629686632
P09496,-4.633173523
Q13557,-4.64102867
Q9UKD2,-4.641082667
O75886,-4.642367335
Q92820,-4.64297075
P28482,-4.643234823
P49721,-4.649598305
Q13303,-4.650259878
P12081,-4.650469091
P63172,-4.665403437
Q9GZT3,-4.674601186
P18206,-4.676548167
P33176,-4.683017895
Q96C01,-4.684386887
Q8IZ52,-4.690872087
Q9NX01,-4.696279826
P07093,-4.702504661
Q9NRN7,-4.70253184
P13051,-4.704918025
Q9GZQ3,-4.717355928
P42765,-4.7232204
Q9NTM9,-4.740999284
Q99700,-4.745338175
P49589,-4.751295576
O95817,-4.754922627
Q96TA1,-4.757549412
P13797,-4.759366297
Q9BTE7,-4.762571621
P63104,-4.765031751
Q4G0S7,-4.769539984
Q9NR56,-4.769902167
P09417,-4.781101412
Q99439,-4.78188845
Q96EP5,-4.790359297
O14907,-4.804168062
P50579,-4.80647479
O00401,-4.815809678
Q13952,-4.817124405
Q7L592,-4.827568566
Q9HB71,-4.827603697
Q16181,-4.829078345
Q02833,-4.833843814
O60749,-4.841192919
Q9UJA5,-4.842562945
Q02790,-4.848084809
P61289,-4.848359913
Q99719,-4.852365117
O43175,-4.85553933
Q9BVG4,-4.861144716
Q9Y3A5,-4.863755136
Q8NB37,-4.864150529
P39748,-4.866082894
Q9UH65,-4.866791406
P32119,-4.867050427
Q15004,-4.867767165
Q9H1K6,-4.873993155
Q9UIL1,-4.876504489
Q9BRG1,-4.884247901
Q9GZZ1,-4.909319464
Q96G25,-4.90999133
Q7Z7F0,-4.915557807
P00558,-4.972098351
Q96SI1,-4.977587236
O43318,-4.993858662
P11177,-4.995473412
Q8IYB5,-4.996437045
Q8TCE6,-5.008161317
P36543,-5.010715248
O15254,-5.017105426
A1X283,-5.040317737
Q8N0Z6,-5.042117638
Q9NWY4,-5.043289631
Q08752,-5.044832568
P50991,-5.04994082
P21283,-5.050498006
Q15785,-5.053762441
Q9BW62,-5.064475158
P09497,-5.067683702
P23193,-5.069788457
O00499,-5.079690863
Q15124,-5.081168519
O14964,-5.091351931
Q9UFN0,-5.104478926
P49720,-5.105220948
Q9UMY4,-5.108758426
Q5VZF2,-5.132318966
Q96K17,-5.132991135
Q53GG5,-5.139095635
P61024,-5.140516978
P78371,-5.151561752
Q9NQZ6,-5.151706516
Q15025,-5.154604363
Q15185,-5.15562518
Q96IF1,-5.15843729
P17544,-5.163649986
A6NKF1,-5.168908397
P27348,-5.173047347
Q96IZ0,-5.178021796
Q9BT23,-5.180462259
Q8NBL1,-5.18118824
P13995,-5.193651822
P25787,-5.195263815
P05114,-5.199285476
Q9P021,-5.200530871
Q9NUQ9,-5.224021097
Q9Y3E1,-5.225410502
P34897,-5.231090533
Q13442,-5.232607683
P06744,-5.236504058
Q06830,-5.258482157
Q14195,-5.267745416
P21399,-5.276070258
P31939,-5.297810349
Q96FQ6,-5.301692694
Q8TDR2,-5.301725113
P25786,-5.320588653
Q9ULC4,-5.326415066
Q12904,-5.326418701
Q52LJ0,-5.326612514
Q9BXU9,-5.327648329
Q16851,-5.328142418
P14618,-5.334288522
P08047,-5.343197527
Q9P000,-5.346294044
Q8NF91,-5.357308242
Q92905,-5.358517102
Q8N8S7,-5.358789
O00329,-5.358878993
Q9NP97,-5.359896655
Q9P2E9,-5.360808424
P62993,-5.361909815
Q7Z3E2,-5.365324932
P50990,-5.379889743
Q5HYJ3,-5.384798052
Q9NSD9,-5.394840671
P16278,-5.422974749
Q9UJ70,-5.423653251
P60983,-5.43380528
O43633,-5.434050631
P04406,-5.44578085
Q9H845,-5.463557673
O00469,-5.46438216
Q9HBI0,-5.466165133
Q9UBC2,-5.468531245
Q9P016,-5.493438614
Q96ME1,-5.503667497
P12110,-5.525138491
Q9NTX5,-5.526319176
Q9UNW9,-5.543001023
O14745,-5.545948699
Q9UKY7,-5.548342618
Q99598,-5.570873603
O60869,-5.572852695
Q96GW9,-5.581374363
P23528,-5.603681931
Q5JUR7,-5.620608596
P23511,-5.62274048
Q9Y530,-5.622804788
P63241,-5.630590694
Q99584,-5.632727994
Q13098,-5.634646208
P61201,-5.659512946
Q9UII2,-5.669849146
Q96H79,-5.673089437
Q9NP79,-5.678903319
Q58FF7,-5.679096139
Q9BTL3,-5.687911458
P42785,-5.69747868
P84101,-5.700935032
Q13825,-5.73096766
P62937,-5.732010197
O43324,-5.732109386
P10515,-5.734548071
P28066,-5.744377967
Q9BRP8,-5.751740678
O75792,-5.76454831
Q99536,-5.76472499
Q9UQ80,-5.7762454
Q8N668,-5.781849606
C9JLW8,-5.790406984
P61956,-5.809222599
O00330,-5.821999119
Q9Y2B0,-5.828210841
Q9HD42,-5.843916691
P24534,-5.844558266
Q17RN3,-5.848031115
P82909,-5.85213528
P18846,-5.856062836
Q92945,-5.860365672
P29692,-5.872864393
Q15067,-5.874851063
P30566,-5.884080099
O75521,-5.884802148
P14859,-5.888269699
Q5T440,-5.904890895
P60891,-5.912217301
P14314,-5.915343373
Q7Z422,-5.931327822
P22061,-5.939857811
Q99538,-5.940915225
P10809,-5.986613888
P43897,-5.992075138
P55145,-6.01104683
Q9UBI1,-6.011272498
O43583,-6.032006488
Q8WV92,-6.034395686
Q96P16,-6.035112936
P12268,-6.0441667
P51513,-6.04762692
P25208,-6.051183715
Q16698,-6.052152374
Q96AE4,-6.062513654
P02749,-6.073707888
Q96F44,-6.074363209
P48643,-6.084148304
P34896,-6.085995438
P61599,-6.104350643
Q00688,-6.114673981
P37802,-6.118796428
P50213,-6.119051877
Q9Y2S6,-6.123551796
Q01995,-6.130398904
Q9Y315,-6.14038563
Q99714,-6.146035648
P99999,-6.151189805
O43310,-6.177691507
P04083,-6.204286532
P60903,-6.20830058
P30040,-6.219347402
Q9Y237,-6.219960009
P28070,-6.221304625
P50897,-6.231782991
P17931,-6.238715608
Q9Y2Q5,-6.242258815
Q13526,-6.263040543
Q92783,-6.292494403
Q5JPH6,-6.306325417
P15104,-6.311126421
P24752,-6.336085695
O15355,-6.364679305
O75439,-6.365023519
P60981,-6.414853247
P15531,-6.419887978
Q02252,-6.428429248
Q9H0A8,-6.436301744
P61604,-6.468298677
P52943,-6.479136353
Q9NWM8,-6.514486426
P22570,-6.514783302
P55854,-6.515306096
Q9Y281,-6.520947774
P26583,-6.523049247
P09429,-6.524683717
P51397,-6.543898526
P07355,-6.544084458
Q8IV08,-6.54929344
P04075,-6.563517541
P30405,-6.580758696
P41227,-6.589536235
P80723,-6.60302851
O15347,-6.638972621
Q9Y3C8,-6.642551189
Q06547,-6.684333107
Q96H20,-6.692806204
O75390,-6.695742608
P52209,-6.757668244
Q96E11,-6.759959236
P61758,-6.768597055
Q06546,-6.775337085
P53041,-6.808542009
P45877,-6.817603984
Q15075,-6.835414998
P09972,-6.852236609
P09110,-6.867859665
Q9NPJ3,-6.879916512
P22392,-6.88526054
Q9Y696,-6.889807582
P08133,-6.894726474
P13693,-6.924831045
Q9Y2Z4,-6.925074573
P40926,-6.954071816
Q96DB5,-6.964245439
Q96EK6,-6.996574003
O14556,-7.034977337
P16591,-7.077496375
Q9Y316,-7.103412655
Q14558,-7.112824623
Q5T2E6,-7.222517945
Q8WUR7,-7.25242303
P04818,-7.261946769
P30048,-7.277758289
P49247,-7.282779148
P50502,-7.305863628
Q9UGM6,-7.314676229
O60256,-7.426414981
Q16836,-7.453367067
Q9UJ83,-7.479189617
Q7LBR1,-7.554354724
P49903,-7.578467272
P31947,-7.584779056
P57076,-7.661724521
P16455,-7.680513915
P26885,-7.706238945
Q9Y376,-7.816575693
P61960,-7.906198718
Q13011,-7.91570484
Q96BD5,-7.96160116
Q8N6M0,-8.185160327
P02458,-8.227108028
Q9BQ69,-8.273420404
Q96FX7,-8.550235849
Q8IZ83,-8.74721753
P06746,-8.790661636
Q9BT78,-8.823398146
P53602,-9.644123796
